name,url,stars,forks,language,owner,description,pushed_at,created_at,open_issues
union,https://github.com/unionlabs/union,48110,2477,Rust,unionlabs,"The trust-minimized, zero-knowledge bridging protocol, designed for censorship resistance, extremely high security, and usage in decentralized finance.",2025-03-21T20:40:41Z,2023-05-16T22:33:39Z,265
uv,https://github.com/astral-sh/uv,45486,1280,Rust,astral-sh,"An extremely fast Python package and project manager, written in Rust.",2025-03-21T20:34:35Z,2023-10-02T20:24:11Z,1357
tabby,https://github.com/TabbyML/tabby,30514,1415,Rust,TabbyML,Self-hosted AI coding assistant,2025-03-21T20:03:25Z,2023-03-16T09:18:01Z,178
pingora,https://github.com/cloudflare/pingora,23555,1329,Rust,cloudflare,"A library for building fast, reliable and evolvable network services.",2025-03-17T22:32:14Z,2023-05-05T20:03:08Z,119
yazi,https://github.com/sxyazi/yazi,23264,508,Rust,sxyazi,"ğŸ’¥ Blazing fast terminal file manager written in Rust, based on async I/O.",2025-03-21T18:16:36Z,2023-07-08T11:45:55Z,38
Bend,https://github.com/HigherOrderCO/Bend,18526,459,Rust,HigherOrderCO,"A massively parallel, high-level programming language",2025-02-23T18:22:10Z,2023-08-29T20:44:32Z,93
biome,https://github.com/biomejs/biome,17792,548,Rust,biomejs,"A toolchain for web projects, aimed to provide functionalities to maintain them. Biome offers formatter and linter, usable via CLI and LSP.",2025-03-21T19:20:21Z,2023-07-27T20:30:22Z,181
candle,https://github.com/huggingface/candle,16853,1061,Rust,huggingface,Minimalist ML framework for Rust,2025-03-16T18:15:11Z,2023-06-19T16:06:31Z,387
carbonyl,https://github.com/fathyb/carbonyl,15031,298,Rust,fathyb,Chromium running inside your terminal,2024-07-01T14:31:50Z,2023-01-20T10:58:22Z,72
openobserve,https://github.com/openobserve/openobserve,14723,548,Rust,openobserve,"ğŸš€ 10x easier, ğŸš€ 140x lower storage cost, ğŸš€ high performance,  ğŸš€ petabyte scale - Elasticsearch/Splunk/Datadog alternative for ğŸš€ (logs, metrics, traces, RUM, Error tracking, Session replay).",2025-03-21T20:42:05Z,2023-02-02T03:29:51Z,526
gitbutler,https://github.com/gitbutlerapp/gitbutler,14721,581,Rust,gitbutlerapp,"The GitButler version control client, backed by Git, powered by Tauri/Rust/Svelte",2025-03-21T20:40:27Z,2023-01-31T14:56:22Z,324
eza,https://github.com/eza-community/eza,14580,270,Rust,eza-community,A modern alternative to ls,2025-03-20T09:40:49Z,2023-07-28T08:35:55Z,210
mise,https://github.com/jdx/mise,14232,437,Rust,jdx,"dev tools, env vars, task runner",2025-03-21T16:36:59Z,2023-01-09T14:44:21Z,20
rye,https://github.com/astral-sh/rye,14067,474,Rust,astral-sh,a Hassle-Free Python Experience,2025-03-21T00:26:28Z,2023-04-22T22:23:54Z,309
oxc,https://github.com/oxc-project/oxc,13925,538,Rust,oxc-project,âš“ A collection of JavaScript tools written in Rust.,2025-03-21T14:19:21Z,2023-02-09T05:46:51Z,96
ratatui,https://github.com/ratatui/ratatui,12285,383,Rust,ratatui,A Rust crate for cooking up terminal user interfaces (TUIs) ğŸ‘¨â€ğŸ³ğŸ€ https://ratatui.rs,2025-03-19T23:49:05Z,2023-02-12T21:56:20Z,138
Infinite-Storage-Glitch,https://github.com/DvorakDwarf/Infinite-Storage-Glitch,11515,929,Rust,DvorakDwarf,"ISG lets you use YouTube as cloud storage for ANY files, not just video",2023-03-16T15:15:35Z,2023-02-14T05:04:40Z,0
SpacetimeDB,https://github.com/clockworklabs/SpacetimeDB,10682,358,Rust,clockworklabs,Multiplayer at the speed of light,2025-03-21T18:16:25Z,2023-06-17T07:28:29Z,325
clash-nyanpasu,https://github.com/libnyanpasu/clash-nyanpasu,10677,664,Rust,libnyanpasu,Clash Nyanpasuï½(âˆ ãƒ»Ï‰< )âŒ’â˜†â€‹,2025-03-21T18:17:17Z,2023-11-10T01:25:55Z,89
goose,https://github.com/block/goose,10662,757,Rust,block,"an open source, extensible AI agent that goes beyond code suggestions - install, execute, edit, and test with any LLM",2025-03-21T19:44:47Z,2024-08-23T19:03:36Z,150
rolldown,https://github.com/rolldown/rolldown,10533,556,Rust,rolldown,Fast Rust bundler for JavaScript/TypeScript with Rollup-compatible API.,2025-03-21T13:54:14Z,2023-09-18T14:20:28Z,77
limbo,https://github.com/tursodatabase/limbo,9850,360,Rust,tursodatabase,Limbo is a project to build the modern evolution of SQLite.,2025-03-21T18:13:21Z,2023-08-26T09:21:36Z,129
magika,https://github.com/google/magika,8489,438,Rust,google,Detect file content types with deep learning,2025-03-19T15:37:22Z,2023-08-22T09:36:55Z,89
100-exercises-to-learn-rust,https://github.com/mainmatter/100-exercises-to-learn-rust,7505,1441,Rust,mainmatter,"A self-paced course to learn Rust, one exercise at a time.",2025-03-03T15:32:13Z,2024-05-12T20:20:12Z,15
loco,https://github.com/loco-rs/loco,7431,303,Rust,loco-rs,ğŸš‚ ğŸ¦€ The one-person framework for Rust for side-projects and startups,2025-03-20T09:50:10Z,2023-11-07T08:58:40Z,36
paradedb,https://github.com/paradedb/paradedb,6879,229,Rust,paradedb,Postgres for Search and Analytics,2025-03-21T14:43:32Z,2023-06-30T20:21:47Z,36
mail-server,https://github.com/stalwartlabs/mail-server,6851,316,Rust,stalwartlabs,"Secure & Modern All-in-One Mail Server (IMAP, JMAP, POP3, SMTP)",2025-03-21T19:05:05Z,2023-03-06T13:37:23Z,157
niri,https://github.com/YaLTeR/niri,6386,213,Rust,YaLTeR,A scrollable-tiling Wayland compositor.,2025-03-21T09:08:37Z,2023-08-10T10:53:14Z,114
Seelen-UI,https://github.com/eythaann/Seelen-UI,6157,192,Rust,eythaann,The Fully Customizable Desktop Environment for Windows 10/11.,2025-03-21T11:13:44Z,2024-02-16T18:03:35Z,66
aichat,https://github.com/sigoden/aichat,6115,394,Rust,sigoden,"All-in-one LLM CLI tool featuring Shell Assistant, Chat-REPL, RAG, AI Tools & Agents, with access to OpenAI, Claude, Gemini, Ollama, Groq, and more.",2025-03-17T02:23:40Z,2023-03-03T00:29:39Z,0
llm,https://github.com/rustformers/llm,6097,372,Rust,rustformers,"[Unmaintained, see README] An ecosystem of Rust libraries for working with large language models",2024-06-24T16:29:01Z,2023-03-13T16:59:26Z,81
sxt-proof-of-sql,https://github.com/spaceandtimelabs/sxt-proof-of-sql,5606,230,Rust,spaceandtimelabs,Space and Time | Proof of SQL,2025-03-21T20:38:15Z,2024-04-25T17:30:50Z,15
jnv,https://github.com/ynqa/jnv,5371,59,Rust,ynqa,Interactive JSON filter using jq,2025-03-21T15:04:38Z,2024-03-18T13:33:43Z,21
mistral.rs,https://github.com/EricLBuehler/mistral.rs,5270,379,Rust,EricLBuehler,Blazingly fast LLM inference.,2025-03-21T13:58:16Z,2024-02-26T22:30:06Z,107
sudo,https://github.com/microsoft/sudo,5253,145,Rust,microsoft,"It's sudo, for Windows",2024-10-08T16:35:47Z,2024-02-01T17:51:00Z,42
presenterm,https://github.com/mfontanini/presenterm,5180,103,Rust,mfontanini,A markdown terminal slideshow tool,2025-03-21T02:04:26Z,2023-08-27T21:15:15Z,13
crab,https://github.com/crablang/crab,5139,65,Rust,crablang,"A community fork of a language named after a plant fungus. All of the memory-safe features you love, now with 100% less bureaucracy! ",2024-08-19T16:21:32Z,2023-04-11T17:25:41Z,5
code2prompt,https://github.com/mufeedvh/code2prompt,5118,295,Rust,mufeedvh,"A CLI tool to convert your codebase into a single LLM prompt with source tree, prompt templating, and token counting.",2025-03-20T18:21:08Z,2024-03-09T12:42:06Z,7
verso,https://github.com/versotile-org/verso,4942,157,Rust,versotile-org,A web browser that plays old world blues to build new world hope,2025-03-18T14:43:00Z,2024-01-15T09:26:26Z,27
deepclaude,https://github.com/getAsterisk/deepclaude,4881,381,Rust,getAsterisk,A high-performance LLM inference API and Chat UI that integrates DeepSeek R1's CoT reasoning traces with Anthropic Claude models.,2025-02-04T22:55:51Z,2025-01-26T16:25:41Z,45
borgo,https://github.com/borgo-lang/borgo,4375,60,Rust,borgo-lang,Borgo is a statically typed language that compiles to Go.,2024-10-27T10:07:54Z,2023-02-17T03:04:27Z,27
cve-rs,https://github.com/Speykious/cve-rs,4283,109,Rust,Speykious,"Blazingly ğŸ”¥ fast ğŸš€ memory vulnerabilities, written in 100% safe Rust. ğŸ¦€",2025-01-28T18:23:48Z,2024-02-16T00:34:34Z,14
Pumpkin,https://github.com/Pumpkin-MC/Pumpkin,4238,201,Rust,Pumpkin-MC,Empowering everyone to host fast and efficient Minecraft servers.,2025-03-21T14:37:19Z,2024-07-28T21:07:38Z,58
nofwl,https://github.com/lencx/nofwl,4235,401,Rust,lencx,NoFWL Desktop Application,2024-01-23T09:27:13Z,2023-02-22T02:36:16Z,77
rustowl,https://github.com/cordx56/rustowl,4173,81,Rust,cordx56,Visualize Ownership and Lifetimes in Rust,2025-03-10T20:51:00Z,2024-10-16T19:28:48Z,21
arroyo,https://github.com/ArroyoSystems/arroyo,4094,235,Rust,ArroyoSystems,Distributed stream processing engine in Rust,2025-03-20T03:40:41Z,2023-03-31T17:41:56Z,60
pixi,https://github.com/prefix-dev/pixi,4061,237,Rust,prefix-dev,Package management made easy,2025-03-21T19:59:15Z,2023-04-28T10:51:16Z,463
PPHC,https://github.com/johnlui/PPHC,3854,344,Rust,johnlui,ğŸ“™ã€Šé«˜å¹¶å‘çš„å“²å­¦åŸç†ã€‹å¼€æºå›¾ä¹¦ï¼ˆCC BY-NC-NDï¼‰https://pphc.lvwenhan.com,2024-09-06T05:30:07Z,2023-02-11T03:20:59Z,6
harper,https://github.com/Automattic/harper,3759,100,Rust,Automattic,The Grammar Checker for Developers,2025-03-21T19:20:30Z,2023-10-22T02:58:35Z,216
postgres_lsp,https://github.com/supabase-community/postgres_lsp,3653,69,Rust,supabase-community,A Language Server for Postgres,2025-03-21T12:10:02Z,2023-05-17T19:23:15Z,22
gosub-engine,https://github.com/gosub-io/gosub-engine,3554,178,Rust,gosub-io,The Gosub browser engine,2025-03-21T10:08:35Z,2023-08-08T17:20:38Z,31
computerraria,https://github.com/misprit7/computerraria,3539,45,Rust,misprit7,A fully compliant RISC-V computer made inside the game Terraria,2025-03-16T21:34:47Z,2023-02-17T05:34:39Z,0
RustMinerSystem,https://github.com/EvilGenius-dot/RustMinerSystem,3532,281,Rust,EvilGenius-dot,ğŸ”¥minerproxy minerproxy minerproxy minerproxy minerproxy minerproxy minerproxy çŸ¿æ± æŠ½æ°´ çŸ¿æ± ä»£ç† çŸ¿æ± ä¸­è½¬ çŸ¿æ± æŠ½æ°´ minerproxy minerproxy minerproxy minerproxy minerproxy minerproxy minerproxy minerproxy minerproxy minerproxy minerproxy minerproxy minerproxy minerproxy minerproxy minerproxy,2025-03-20T16:02:06Z,2023-03-10T09:25:31Z,2
gritql,https://github.com/getgrit/gritql,3522,93,Rust,getgrit,"GritQL is a query language for searching, linting, and modifying code.",2025-02-28T14:12:46Z,2024-03-08T23:18:51Z,94
rainfrog,https://github.com/achristmascarl/rainfrog,3494,65,Rust,achristmascarl,ğŸ¸ a database management tui for postgres,2025-03-20T01:01:53Z,2024-05-15T15:35:44Z,15
convex-backend,https://github.com/get-convex/convex-backend,3409,146,Rust,get-convex,The open-source reactive database for app developers,2025-03-21T19:36:34Z,2024-03-08T07:23:15Z,24
GQL,https://github.com/AmrDeveloper/GQL,3389,93,Rust,AmrDeveloper,"GitQL is a extensible SQL-like query language and SDK to perform queries on various data sources such .git files with supports of most of SQL features such as grouping, ordering and aggregation and window functions and allow customization like user-defined types and functions",2025-03-16T13:48:32Z,2023-06-05T17:46:51Z,10
universal-android-debloater-next-generation,https://github.com/Universal-Debloater-Alliance/universal-android-debloater-next-generation,3385,122,Rust,Universal-Debloater-Alliance,"Cross-platform GUI written in Rust using ADB to debloat non-rooted Android devices. Improve your privacy, the security and battery life of your device.",2025-03-18T09:07:17Z,2023-10-26T17:00:49Z,107
text-embeddings-inference,https://github.com/huggingface/text-embeddings-inference,3335,227,Rust,huggingface,A blazing fast inference solution for text embeddings models,2025-03-17T10:49:02Z,2023-10-13T13:36:51Z,112
floem,https://github.com/lapce/floem,3334,145,Rust,lapce,A native Rust UI library with fine-grained reactivity,2025-03-19T20:10:00Z,2023-01-31T21:05:12Z,68
rivet,https://github.com/rivet-gg/rivet,3278,82,Rust,rivet-gg,ğŸ”© Serverless for stateful backends,2025-03-21T00:51:23Z,2023-06-16T11:51:15Z,6
rig,https://github.com/0xPlaygrounds/rig,3270,329,Rust,0xPlaygrounds,"âš™ï¸ğŸ¦€ Build portable, modular & lightweight Fullstack Agents",2025-03-20T23:34:55Z,2024-06-05T13:42:28Z,46
zksync-era,https://github.com/matter-labs/zksync-era,3159,2111,Rust,matter-labs,zkSync era,2025-03-21T18:09:34Z,2023-02-15T08:23:48Z,95
tensorzero,https://github.com/tensorzero/tensorzero,3107,191,Rust,tensorzero,"TensorZero creates a feedback loop for optimizing LLM applications â€” turning production data into smarter, faster, and cheaper models.",2025-03-21T18:52:34Z,2024-07-16T21:00:53Z,110
EasyTier,https://github.com/EasyTier/EasyTier,3100,297,Rust,EasyTier,"A simple, decentralized mesh VPN with WireGuard support.",2025-03-21T14:40:39Z,2023-09-29T17:03:53Z,122
binsider,https://github.com/orhun/binsider,3099,72,Rust,orhun,Analyze ELF binaries like a boss ğŸ˜¼ğŸ•µï¸â€â™‚ï¸,2025-03-17T05:56:03Z,2023-08-14T21:00:36Z,23
dynamo,https://github.com/ai-dynamo/dynamo,2846,184,Rust,ai-dynamo,A Datacenter Scale Distributed Inference Serving Framework,2025-03-21T20:40:21Z,2025-03-03T18:40:07Z,24
hyperlight,https://github.com/hyperlight-dev/hyperlight,2825,101,Rust,hyperlight-dev,Hyperlight is a lightweight Virtual Machine Manager (VMM) designed to be embedded within applications. It enables safe execution of untrusted code within micro virtual machines with very low latency and minimal overhead.,2025-03-19T23:29:07Z,2024-11-05T16:39:07Z,76
cake,https://github.com/evilsocket/cake,2818,161,Rust,evilsocket,"Distributed LLM and StableDiffusion inference for mobile, desktop and server.",2024-10-23T00:20:28Z,2024-07-07T11:47:49Z,16
jsr,https://github.com/jsr-io/jsr,2696,131,Rust,jsr-io,The open-source package registry for modern JavaScript and TypeScript,2025-03-12T08:23:42Z,2024-02-28T10:32:55Z,216
ezno,https://github.com/kaleidawave/ezno,2660,47,Rust,kaleidawave,A fast and correct TypeScript type checker and compiler with additional experiments,2025-03-13T08:30:32Z,2023-02-03T19:27:20Z,37
baml,https://github.com/BoundaryML/baml,2653,103,Rust,BoundaryML,The AI framework that adds the engineering to prompt engineering (Python/TS/Ruby/Java/C#/Rust/Go compatible),2025-03-21T18:17:48Z,2023-10-06T18:57:41Z,115
lsp-ai,https://github.com/SilasMarvin/lsp-ai,2609,91,Rust,SilasMarvin,"LSP-AI is an open-source language server that serves as a backend for AI-powered functionality, designed to assist and empower software engineers, not replace them.",2025-01-07T22:17:38Z,2023-11-24T17:08:42Z,24
sql-studio,https://github.com/frectonz/sql-studio,2589,67,Rust,frectonz,"SQL Database Explorer [SQLite, libSQL, PostgreSQL, MySQL/MariaDB, ClickHouse, Microsoft SQL Server]",2025-02-23T07:43:39Z,2024-06-11T18:32:36Z,12
television,https://github.com/alexpasmantier/television,2560,48,Rust,alexpasmantier,"A cross-platform, fast and extensible general purpose fuzzy finder TUI ğŸ“º",2025-03-21T20:36:55Z,2024-09-15T22:16:18Z,24
ATAC,https://github.com/Julien-cpsn/ATAC,2533,94,Rust,Julien-cpsn,A simple API client (postman like) in your terminal,2025-02-24T07:57:10Z,2024-02-05T19:57:09Z,18
sqlsync,https://github.com/orbitinghail/sqlsync,2497,37,Rust,orbitinghail,"SQLSync is a collaborative offline-first wrapper around SQLite. It is designed to synchronize web application state between users, devices, and the edge.",2024-03-11T19:43:33Z,2023-05-26T15:52:29Z,27
artemis,https://github.com/paradigmxyz/artemis,2453,471,Rust,paradigmxyz,"A simple, modular, and fast framework for writing MEV bots in Rust.",2024-03-05T03:15:09Z,2023-04-25T20:47:17Z,19
iggy,https://github.com/apache/iggy,2374,121,Rust,apache,Apache Iggy: Hyper-Efficient Message Streaming at Laser Speed,2025-03-20T18:41:19Z,2023-03-18T21:39:42Z,83
gptcommit,https://github.com/zurawiki/gptcommit,2367,79,Rust,zurawiki,A git prepare-commit-msg hook for authoring commit messages with GPT-3.,2025-03-10T23:03:30Z,2023-01-13T21:15:58Z,9
IronCalc,https://github.com/ironcalc/IronCalc,2356,68,Rust,ironcalc,Main engine of the IronCalc ecosystem,2025-03-21T12:26:27Z,2023-11-20T09:47:54Z,79
nexus-zkvm,https://github.com/nexus-xyz/nexus-zkvm,2346,421,Rust,nexus-xyz,The Nexus zkVM: The zero-knowledge virtual machine,2025-03-18T15:55:21Z,2023-09-07T22:58:44Z,4
ESP32-Cheap-Yellow-Display,https://github.com/witnessmenow/ESP32-Cheap-Yellow-Display,2333,244,Rust,witnessmenow,Building a community around a cheap ESP32 Display with a touch screen,2025-02-22T20:35:10Z,2023-05-19T20:45:51Z,48
tach,https://github.com/gauge-sh/tach,2311,59,Rust,gauge-sh,"A Python tool to visualize + enforce dependencies, using modular architecture ğŸŒ Open source ğŸ Installable via pip ğŸ”§ Able to be adopted incrementally - âš¡ Implemented with no runtime impact â™¾ï¸ Interoperable with your existing systems ğŸ¦€ Written in rust",2025-03-21T18:28:25Z,2024-01-31T20:12:23Z,16
quary,https://github.com/quarylabs/quary,2290,55,Rust,quarylabs,Open-source BI for engineers,2025-02-17T01:17:21Z,2024-02-20T23:33:53Z,21
polkadot-sdk,https://github.com/paritytech/polkadot-sdk,2172,864,Rust,paritytech,The Parity Polkadot Blockchain SDK,2025-03-21T19:29:59Z,2023-08-04T08:33:14Z,1570
zizmor,https://github.com/woodruffw/zizmor,2153,52,Rust,woodruffw,A static analysis tool for GitHub Actions,2025-03-19T17:17:41Z,2024-08-19T18:26:28Z,35
tsukimi,https://github.com/tsukinaha/tsukimi,2151,62,Rust,tsukinaha,A simple third-party Emby client for Linux,2025-03-20T11:51:58Z,2024-03-04T11:44:10Z,15
bionic-gpt,https://github.com/bionic-gpt/bionic-gpt,2124,208,Rust,bionic-gpt,"BionicGPT is an on-premise replacement for ChatGPT, offering the advantages of Generative AI while maintaining strict data confidentiality",2025-02-21T14:52:59Z,2023-07-07T07:45:24Z,13
gitu,https://github.com/altsem/gitu,2109,103,Rust,altsem,A TUI Git client inspired by Magit,2025-03-16T12:44:03Z,2023-12-23T19:59:02Z,35
mako,https://github.com/umijs/mako,2108,85,Rust,umijs,"An extremely fast, production-grade web bundler based on Rust.",2025-03-21T05:34:16Z,2023-04-06T04:43:29Z,77
jiff,https://github.com/BurntSushi/jiff,2097,50,Rust,BurntSushi,A datetime library for Rust that encourages you to jump into the pit of success.,2025-03-16T18:34:14Z,2024-02-17T18:31:06Z,11
river,https://github.com/memorysafety/river,2096,119,Rust,memorysafety,"This repository is the home of the River reverse proxy application, based on the pingora library from Cloudflare.",2024-09-06T17:19:48Z,2024-02-12T15:58:26Z,27
charming,https://github.com/yuankunzhang/charming,2058,85,Rust,yuankunzhang,A visualization library for Rust,2025-02-25T18:33:20Z,2023-06-29T15:28:29Z,14
Rust-for-Malware-Development,https://github.com/Whitecat18/Rust-for-Malware-Development,2042,40,Rust,Whitecat18,This repository contains complete resources and coding practices for malware development using Rust ğŸ¦€. ,2025-03-19T07:06:55Z,2024-02-12T16:55:06Z,0
owshen,https://github.com/OwshenNetwork/owshen,2032,94,Rust,OwshenNetwork,The Deep Sea,2024-10-06T14:33:48Z,2023-08-07T12:46:56Z,5
archgw,https://github.com/katanemo/archgw,2029,102,Rust,katanemo,"The AI-native intelligent proxy for agents. Arch handles the pesky heavy lifting in building agentic apps - routing prompts to agents or specifc tools, clarifying user inputs, unifying access and observability to any LLM - so you can build smarter and ship faster.",2025-03-21T19:44:11Z,2024-07-09T20:25:56Z,56
chunkr,https://github.com/lumina-ai-inc/chunkr,2015,111,Rust,lumina-ai-inc,Vision infrastructure to turn complex documents into RAG/LLM-ready data,2025-03-21T20:14:19Z,2024-08-24T19:32:47Z,11
aici,https://github.com/microsoft/aici,2005,83,Rust,microsoft,AICI: Prompts as (Wasm) Programs,2025-01-22T21:14:57Z,2023-09-26T21:33:16Z,34
trieve,https://github.com/devflowinc/trieve,2003,178,Rust,devflowinc,"All-in-one infrastructure for search, recommendations, RAG, and analytics offered via API",2025-03-21T19:32:16Z,2023-03-26T19:45:53Z,25
restate,https://github.com/restatedev/restate,2002,56,Rust,restatedev,Restate is the platform for building resilient applications that tolerate all infrastructure faults w/o the need for a PhD.,2025-03-21T20:05:03Z,2023-01-04T15:03:32Z,213
sbtc-developer-release,https://github.com/stacks-archive/sbtc-developer-release,1976,22,Rust,stacks-archive,"sBTC primitives, signer components, helper tools",2024-02-14T17:33:17Z,2023-07-21T15:29:12Z,87
pgvecto.rs,https://github.com/tensorchord/pgvecto.rs,1968,75,Rust,tensorchord,"Scalable, Low-latency and Hybrid-enabled Vector Search in Postgres. Revolutionize Vector Search, not Database.",2025-02-26T14:11:43Z,2023-04-15T09:56:24Z,71
wild,https://github.com/davidlattimore/wild,1919,44,Rust,davidlattimore,A very fast linker for Linux,2025-03-21T11:07:21Z,2024-02-04T23:33:54Z,23
webx,https://github.com/face-hh/webx,1908,149,Rust,face-hh,"An alternative for the World Wide Web - browse websites such as buss://yippie.rizz made in HTML, CSS and Lua. Custom web browser, custom HTML rendering engine, custom search engine, and more.",2024-06-29T13:23:28Z,2024-04-17T18:47:48Z,57
vnt,https://github.com/vnt-dev/vnt,1895,223,Rust,vnt-dev,An efficient VPN. ç®€ä¾¿é«˜æ•ˆçš„å¼‚åœ°ç»„ç½‘ã€å†…ç½‘ç©¿é€å·¥å…·,2025-02-24T03:09:26Z,2023-01-03T14:08:46Z,63
rquickshare,https://github.com/Martichou/rquickshare,1895,36,Rust,Martichou,Rust implementation of NearbyShare/QuickShare from Android for Linux and macOS.,2025-03-07T01:21:04Z,2024-02-12T19:19:38Z,14
slatedb,https://github.com/slatedb/slatedb,1850,95,Rust,slatedb,A cloud native embedded storage engine built on object storage.,2025-03-21T18:08:03Z,2024-03-26T18:28:31Z,81
yek,https://github.com/bodo-run/yek,1835,46,Rust,bodo-run,A fast Rust based tool to serialize text-based files in a repository or directory for LLM consumption,2025-03-17T22:13:58Z,2025-01-11T16:35:26Z,12
refact,https://github.com/smallcloudai/refact,1825,121,Rust,smallcloudai,"AI Agent that handles engineering tasks end-to-end: integrates with developersâ€™ tools, plans, executes, and iterates until it achieves a successful result.",2025-03-21T19:17:33Z,2023-04-19T06:43:51Z,26
pgvectorscale,https://github.com/timescale/pgvectorscale,1816,81,Rust,timescale,"A complement to pgvector for high performance, cost efficient vector search on large workloads.",2025-03-21T13:29:55Z,2023-07-01T01:05:05Z,19
redlib,https://github.com/redlib-org/redlib,1812,124,Rust,redlib-org, Private front-end for Reddit ,2025-03-20T03:05:36Z,2023-12-26T22:52:23Z,94
rust-stakeholder,https://github.com/giacomo-b/rust-stakeholder,1811,39,Rust,giacomo-b,Generate impressive-looking terminal output to look busy when stakeholders walk by,2025-03-17T16:32:01Z,2025-03-15T10:36:48Z,5
floneum,https://github.com/floneum/floneum,1793,90,Rust,floneum,"Instant, controllable, local pre-trained AI models in Rust",2025-03-20T22:47:59Z,2023-05-24T17:35:57Z,39
uiua,https://github.com/uiua-lang/uiua,1772,129,Rust,uiua-lang,A stack-based array programming language,2025-03-21T19:17:20Z,2023-02-27T11:02:15Z,12
smartgpt,https://github.com/Cormanz/smartgpt,1760,127,Rust,Cormanz,A program that provides LLMs with the ability to complete complex tasks using plugins.,2024-04-11T05:46:18Z,2023-04-11T01:27:02Z,8
trailbase,https://github.com/trailbaseio/trailbase,1749,39,Rust,trailbaseio,"A blazingly fast, open-source application server with type-safe APIs, built-in JS/ES6/TS runtime, realtime, auth, and admin UI built on Rust, SQLite & V8. ",2025-03-21T12:47:30Z,2024-10-29T09:39:33Z,1
rustc_codegen_clr,https://github.com/FractalFir/rustc_codegen_clr,1724,39,Rust,FractalFir,A Rust compiler backend targeting CIL(.NET IR) and C. ,2025-03-03T20:06:08Z,2023-08-09T20:08:02Z,9
killport,https://github.com/jkfran/killport,1707,37,Rust,jkfran,A command-line tool to easily kill processes running on a specified port.,2025-02-19T20:41:50Z,2023-03-17T14:21:02Z,2
ninja,https://github.com/0x676e67/ninja,1703,301,Rust,0x676e67,Reverse engineered ChatGPT proxy,2024-09-11T01:26:07Z,2023-05-20T08:42:58Z,10
lapdev,https://github.com/lapce/lapdev,1669,43,Rust,lapce,Self-Hosted Remote Dev Environment,2025-03-02T21:41:44Z,2024-03-23T12:47:22Z,13
ractor,https://github.com/slawlor/ractor,1665,90,Rust,slawlor,Rust actor framework,2025-03-19T22:11:11Z,2023-01-03T16:24:32Z,8
openvmm,https://github.com/microsoft/openvmm,1656,115,Rust,microsoft,Home of OpenVMM and OpenHCL.,2025-03-21T20:30:18Z,2024-03-01T23:12:38Z,135
SeekStorm,https://github.com/SeekStorm/SeekStorm,1649,52,Rust,SeekStorm,SeekStorm - sub-millisecond full-text search library & multi-tenancy server in Rust,2025-03-06T09:40:51Z,2024-02-27T12:55:08Z,9
boxxy,https://github.com/queer/boxxy,1634,26,Rust,queer,boxxy puts bad Linux applications in a box with only their files.,2024-12-04T20:40:41Z,2023-02-08T21:16:54Z,14
glidesort,https://github.com/orlp/glidesort,1627,24,Rust,orlp,"A Rust implementation of Glidesort, my stable adaptive quicksort/mergesort hybrid sorting algorithm. ",2023-02-07T08:34:01Z,2023-02-03T18:00:09Z,5
zebar,https://github.com/glzr-io/zebar,1614,69,Rust,glzr-io,"Zebar is a tool for creating customizable and cross-platform taskbars, desktop widgets, and popups.",2025-03-21T17:18:40Z,2023-06-30T11:37:12Z,31
phira,https://github.com/TeamFlos/phira,1593,125,Rust,TeamFlos,,2025-03-21T09:27:27Z,2023-04-03T09:43:08Z,92
windows-drivers-rs,https://github.com/microsoft/windows-drivers-rs,1585,76,Rust,microsoft,Platform that enables Windows driver development in Rust. Developed by Surface. ,2025-03-21T15:25:44Z,2023-09-16T21:45:21Z,40
spacer,https://github.com/samwho/spacer,1566,14,Rust,samwho,CLI tool to insert spacers when command output stops,2025-02-23T13:39:41Z,2023-06-10T18:00:03Z,2
legba,https://github.com/evilsocket/legba,1563,94,Rust,evilsocket,A multiprotocol credentials bruteforcer / password sprayer and enumerator.  ğŸ¥·,2025-03-01T15:42:29Z,2023-10-23T15:44:06Z,10
Loungy,https://github.com/MatthiasGrandl/Loungy,1559,73,Rust,MatthiasGrandl,"Loungy is a WIP launcher in the vein of Spotlight, Alfred, Raycast.",2025-01-16T04:16:06Z,2024-02-02T16:28:27Z,12
bon,https://github.com/elastio/bon,1535,23,Rust,elastio,"Next-gen compile-time-checked builder generator, named function's arguments, and more!",2025-03-20T15:52:06Z,2024-06-30T15:36:46Z,22
CADmium,https://github.com/CADmium-Co/CADmium,1524,63,Rust,CADmium-Co,A CAD program that runs in the browser,2024-06-29T23:42:30Z,2023-09-03T22:34:27Z,13
luminal,https://github.com/jafioti/luminal,1523,90,Rust,jafioti,Deep learning at the speed of light.,2025-03-11T15:04:52Z,2023-07-18T22:02:51Z,23
RustRedOps,https://github.com/joaoviictorti/RustRedOps,1511,171,Rust,joaoviictorti,"RustRedOps is a repository for advanced Red Team techniques and offensive malware, focused on Rust ğŸ¦€",2025-03-20T23:21:49Z,2023-11-29T16:07:06Z,0
rjvm,https://github.com/andreabergia/rjvm,1509,85,Rust,andreabergia,A tiny JVM written in Rust. Learning project,2024-01-24T08:02:43Z,2023-02-11T12:19:50Z,4
rust-gpu,https://github.com/Rust-GPU/rust-gpu,1501,44,Rust,Rust-GPU,ğŸ‰ Making Rust a first-class language and ecosystem for GPU shaders ğŸš§,2025-03-21T15:35:31Z,2024-07-11T13:50:56Z,122
aigc,https://github.com/phodal/aigc,1497,175,Rust,phodal,ã€Šæ„ç­‘å¤§è¯­è¨€æ¨¡å‹åº”ç”¨ï¼šåº”ç”¨å¼€å‘ä¸æ¶æ„è®¾è®¡ã€‹ä¸€æœ¬å…³äº LLM åœ¨çœŸå®ä¸–ç•Œåº”ç”¨çš„å¼€æºç”µå­ä¹¦ï¼Œä»‹ç»äº†å¤§è¯­è¨€æ¨¡å‹çš„åŸºç¡€çŸ¥è¯†å’Œåº”ç”¨ï¼Œä»¥åŠå¦‚ä½•æ„å»ºè‡ªå·±çš„æ¨¡å‹ã€‚å…¶ä¸­åŒ…æ‹¬Promptçš„ç¼–å†™ã€å¼€å‘å’Œç®¡ç†ï¼Œæ¢ç´¢æœ€å¥½çš„å¤§è¯­è¨€æ¨¡å‹èƒ½å¸¦æ¥ä»€ä¹ˆï¼Œä»¥åŠLLMåº”ç”¨å¼€å‘çš„æ¨¡å¼å’Œæ¶æ„è®¾è®¡ã€‚,2024-01-23T10:02:45Z,2023-06-22T13:42:41Z,1
brush,https://github.com/ArthurBrussee/brush,1489,60,Rust,ArthurBrussee,3D Reconstruction for all,2025-03-21T18:54:18Z,2024-02-23T16:50:13Z,35
ore-cli,https://github.com/regolith-labs/ore-cli,1482,670,Rust,regolith-labs,Command line interface for ORE cryptocurrency mining.,2025-03-19T21:49:48Z,2024-01-07T15:27:38Z,51
whenfs,https://github.com/lvkv/whenfs,1460,25,Rust,lvkv,A FUSE filesystem for your Google calendar,2025-01-20T20:32:21Z,2024-08-02T03:08:34Z,0
llm-chain,https://github.com/sobelio/llm-chain,1455,136,Rust,sobelio,`llm-chain` is a powerful rust crate for building chains in large language models allowing you to summarise text and complete complex tasks,2024-10-31T16:19:00Z,2023-03-24T23:53:13Z,34
mdq,https://github.com/yshavit/mdq,1443,14,Rust,yshavit,like jq but for Markdown: find specific elements in a md doc,2025-03-21T07:46:28Z,2024-05-25T22:02:10Z,14
ocrs,https://github.com/robertknight/ocrs,1433,62,Rust,robertknight,Rust library and CLI tool for OCR (extracting text from images),2025-03-01T23:27:17Z,2024-01-02T09:32:23Z,16
Nping,https://github.com/hanshuaikang/Nping,1416,42,Rust,hanshuaikang,"ğŸ  Nping mean NB Ping, A Ping Tool in Rust with Real-Time Data and Visualizations",2025-03-09T10:25:30Z,2024-12-21T14:51:14Z,8
AngryOxide,https://github.com/Ragnt/AngryOxide,1389,78,Rust,Ragnt,802.11 Attack Tool,2025-03-21T01:43:44Z,2023-10-22T23:39:38Z,7
foundations,https://github.com/cloudflare/foundations,1381,67,Rust,cloudflare,Cloudflare's Rust service foundations library.,2025-03-05T11:41:31Z,2024-01-18T12:59:52Z,18
ferrocene,https://github.com/ferrocene/ferrocene,1370,40,Rust,ferrocene,"Source code of Ferrocene, safety-critical Rust toolchain",2025-03-21T15:54:23Z,2023-10-02T14:26:44Z,12
socketioxide,https://github.com/Totodore/socketioxide,1370,61,Rust,Totodore,A socket.io server implementation in Rust that integrates with the Tower ecosystem and the Tokio stack.,2025-03-21T17:57:37Z,2023-03-12T03:23:23Z,11
pyapp,https://github.com/ofek/pyapp,1357,32,Rust,ofek,Runtime installer for Python applications,2025-03-19T04:08:38Z,2023-05-07T20:56:04Z,14
iceoryx2,https://github.com/eclipse-iceoryx/iceoryx2,1352,55,Rust,eclipse-iceoryx,Eclipse iceoryx2â„¢ - true zero-copy inter-process-communication in pure Rust,2025-03-19T11:11:55Z,2023-12-12T16:00:07Z,114
FireDBG.for.Rust,https://github.com/SeaQL/FireDBG.for.Rust,1352,30,Rust,SeaQL,ğŸ”¥ Time Travel Visual Debugger for Rust,2024-09-06T06:58:31Z,2023-10-30T10:59:51Z,4
tailcall,https://github.com/tailcallhq/tailcall,1347,258,Rust,tailcallhq,High Performance GraphQL Runtime,2025-03-14T07:00:04Z,2023-01-06T10:38:37Z,6
toasty,https://github.com/tokio-rs/toasty,1346,38,Rust,tokio-rs,An async ORM for Rust (incubating),2025-03-21T20:42:59Z,2024-10-22T21:34:09Z,6
korvus,https://github.com/postgresml/korvus,1343,28,Rust,postgresml,"Korvus is a search SDK that unifies the entire RAG pipeline in a single database query. Built on top of Postgres with bindings for Python, JavaScript, Rust and C.",2025-01-31T00:00:07Z,2024-06-24T21:37:54Z,6
ferrumc,https://github.com/ferrumc-rs/ferrumc,1333,45,Rust,ferrumc-rs,A reimplementation of the minecraft server in rust.,2025-03-21T07:38:17Z,2023-09-02T07:07:14Z,18
cryo,https://github.com/paradigmxyz/cryo,1332,138,Rust,paradigmxyz,"cryo is the easiest way to extract blockchain data to parquet, csv, json, or python dataframes",2025-01-08T07:31:22Z,2023-06-27T00:11:53Z,32
zygisk-detach,https://github.com/j-hc/zygisk-detach,1321,37,Rust,j-hc,"Zygisk module to detach installed apps from Play Store, hooking binder",2025-02-03T18:54:01Z,2023-08-29T16:55:30Z,1
tinymist,https://github.com/Myriad-Dreamin/tinymist,1314,57,Rust,Myriad-Dreamin,Tinymist [ËˆtaÉªni mÉªst] is an integrated language service for Typst [taÉªpst].,2025-03-21T13:39:52Z,2024-03-06T21:30:21Z,62
chidori,https://github.com/ThousandBirdsInc/chidori,1309,52,Rust,ThousandBirdsInc,A reactive runtime for building durable AI agents,2025-01-08T10:16:24Z,2023-07-19T23:21:46Z,1
rayhunter,https://github.com/EFForg/rayhunter,1309,93,Rust,EFForg,Rust tool to detect cell site simulators on an orbic mobile hotspot ,2025-03-20T19:45:01Z,2023-11-08T23:25:16Z,53
LlamaEdge,https://github.com/LlamaEdge/LlamaEdge,1303,112,Rust,LlamaEdge,The easiest & fastest way to run customized and fine-tuned LLMs locally or on the edge,2025-03-21T13:25:00Z,2023-10-09T03:30:44Z,6
ibackupextractor,https://github.com/unixzii/ibackupextractor,1297,56,Rust,unixzii,A simple tool for extracting files from iOS backup archive.,2024-09-20T17:48:07Z,2023-09-21T12:27:34Z,0
markdown-oxide,https://github.com/Feel-ix-343/markdown-oxide,1293,31,Rust,Feel-ix-343,PKM for the LSP,2025-03-20T23:14:49Z,2023-04-27T18:20:29Z,8
sp1,https://github.com/succinctlabs/sp1,1276,464,Rust,succinctlabs,"The fastest, most feature-complete zkVM for developers.",2025-03-20T19:24:02Z,2023-12-05T00:54:44Z,8
shpool,https://github.com/shell-pool/shpool,1275,23,Rust,shell-pool,"Think tmux, then aim... lower",2025-03-17T05:03:03Z,2024-02-28T20:03:59Z,20
r-nacos,https://github.com/nacos-group/r-nacos,1250,122,Rust,nacos-group,Nacos server re-implemented in Rust.,2025-03-16T05:06:51Z,2023-05-03T13:56:28Z,26
feldera,https://github.com/feldera/feldera,1211,56,Rust,feldera,The Feldera Incremental Computation Engine,2025-03-21T19:57:39Z,2023-05-11T19:57:19Z,324
tquic,https://github.com/Tencent/tquic,1206,104,Rust,Tencent,"A high-performance, lightweight, and cross-platform QUIC library",2025-02-25T09:46:50Z,2023-10-26T03:47:17Z,16
ja4,https://github.com/FoxIO-LLC/ja4,1194,106,Rust,FoxIO-LLC,JA4+ is a suite of network fingerprinting standards,2025-03-07T03:14:50Z,2023-09-22T15:22:46Z,14
typst-lsp,https://github.com/nvarner/typst-lsp,1186,77,Rust,nvarner,"[Deprecated]  An early language server for Typst, plus a VS Code extension",2024-11-05T06:22:11Z,2023-03-22T08:26:41Z,86
cs2-dumper,https://github.com/a2x/cs2-dumper,1179,160,Rust,a2x,Counter-Strike: 2 Offset Dumper,2025-03-21T01:08:10Z,2023-09-02T16:00:53Z,9
rosenpass,https://github.com/rosenpass/rosenpass,1160,94,Rust,rosenpass,Rosenpass is a post-quantum-secure VPN that uses WireGuard to transport the actual data. ,2025-03-19T23:30:24Z,2023-02-23T19:06:02Z,129
vortex,https://github.com/spiraldb/vortex,1142,37,Rust,spiraldb,"An extensible, state of the art columnar file format",2025-03-21T20:11:18Z,2024-02-27T10:40:00Z,118
cmd-wrapped,https://github.com/YiNNx/cmd-wrapped,1138,30,Rust,YiNNx,ğŸ‘©â€ğŸ’» A CLI Tool for Command Line Insights,2024-12-08T08:15:42Z,2023-12-29T18:13:52Z,9
wechat-dump-rs,https://github.com/0xlane/wechat-dump-rs,1132,184,Rust,0xlane,è¯¥å·¥å…·ç”¨äºå¯¼å‡ºæ­£åœ¨è¿è¡Œä¸­çš„å¾®ä¿¡è¿›ç¨‹çš„ key å¹¶è‡ªåŠ¨è§£å¯†æ‰€æœ‰å¾®ä¿¡æ•°æ®åº“æ–‡ä»¶ä»¥åŠå¯¼å‡º key åæ•°æ®åº“æ–‡ä»¶ç¦»çº¿è§£å¯†ã€‚,2025-03-11T16:20:36Z,2023-09-19T10:15:57Z,7
netscanner,https://github.com/Chleba/netscanner,1104,24,Rust,Chleba,Terminal Network scanner & diagnostic tool with modern TUI,2025-03-18T18:50:39Z,2023-12-10T16:27:52Z,7
daktilo,https://github.com/orhun/daktilo,1099,20,Rust,orhun,Turn your keyboard into a typewriter! ğŸ“‡,2025-03-20T20:42:50Z,2023-09-23T09:44:30Z,16
drasi-platform,https://github.com/drasi-project/drasi-platform,1078,38,Rust,drasi-project,The Data Change Processing platform,2025-03-20T17:39:21Z,2024-05-27T23:07:11Z,5
divan,https://github.com/nvzqz/divan,1076,32,Rust,nvzqz,Fast and simple benchmarking for Rust projects,2025-03-21T02:03:45Z,2023-06-30T05:01:57Z,33
llama2.rs,https://github.com/srush/llama2.rs,1046,57,Rust,srush,A fast llama2 decoder in pure Rust. ,2023-11-30T00:00:48Z,2023-07-28T13:19:33Z,13
AdGuardian-Term,https://github.com/Lissy93/AdGuardian-Term,1038,47,Rust,Lissy93,"ğŸ›¡ï¸ Terminal-based, real-time traffic monitoring and statistics for your AdGuard Home instance",2025-03-16T01:28:50Z,2023-05-25T12:17:23Z,19
zen,https://github.com/gorules/zen,1038,107,Rust,gorules,"Open-source Business Rules Engine for your Rust, NodeJS, Python or Go applications.",2025-02-24T01:03:35Z,2023-03-29T20:06:38Z,11
Hypervisor-101-in-Rust,https://github.com/tandasat/Hypervisor-101-in-Rust,1035,72,Rust,tandasat,"The materials of ""Hypervisor 101 in Rust"", a one-day long course, to quickly learn hardware-assisted virtualization technology and its application for high-performance fuzzing on Intel/AMD processors.",2024-09-15T02:18:29Z,2023-01-11T01:28:29Z,2
quick-guide-rust-programming,https://github.com/gurugio/quick-guide-rust-programming,1029,156,Rust,gurugio,,2025-03-19T06:06:28Z,2024-03-02T07:32:40Z,2
lla,https://github.com/chaqchase/lla,1026,20,Rust,chaqchase,blazing fast `ls` replacement with superpowers,2025-01-27T09:06:40Z,2023-07-31T13:51:59Z,10
rwf,https://github.com/levkk/rwf,1025,19,Rust,levkk,Comprehensive framework for building web applications in Rust.,2025-01-02T14:00:54Z,2024-06-28T04:50:35Z,22
oryx,https://github.com/pythops/oryx,1020,24,Rust,pythops,ğŸ•µï¸â€â™‚ï¸ TUI for sniffing network traffic using eBPF on Linux,2025-03-19T19:50:09Z,2024-09-01T17:28:50Z,2
nucleo,https://github.com/helix-editor/nucleo,1014,34,Rust,helix-editor,A fast and convenient fuzzy matcher library for rust,2025-03-12T23:35:48Z,2023-07-27T20:07:09Z,7
extractous,https://github.com/yobix-ai/extractous,1011,39,Rust,yobix-ai,Fast and efficient unstructured data extraction. Written in Rust with bindings for many languages.,2024-12-21T10:13:30Z,2024-06-04T08:24:18Z,14
tdf,https://github.com/itsjunetime/tdf,1007,23,Rust,itsjunetime,A tui-based PDF viewer,2025-03-17T14:52:01Z,2024-05-26T22:59:25Z,15
rocketmq-rust,https://github.com/mxsm/rocketmq-rust,1003,126,Rust,mxsm,"ğŸš€Apache RocketMQ build in  RustğŸ¦€. Faster, safer, and with lower memory usage.",2025-03-21T15:22:38Z,2023-12-13T09:39:05Z,28
nix-init,https://github.com/nix-community/nix-init,1002,24,Rust,nix-community,"Generate Nix packages from URLs with hash prefetching, dependency inference, license detection, and more [maintainer=@figsoda]",2025-03-19T08:39:33Z,2023-01-18T19:45:48Z,29
indexify,https://github.com/tensorlakeai/indexify,980,125,Rust,tensorlakeai,A realtime serving engine for Data-Intensive Generative AI Applications,2025-03-21T20:29:09Z,2023-04-18T06:36:06Z,53
lm.rs,https://github.com/samuel-vitorino/lm.rs,980,32,Rust,samuel-vitorino,Minimal LLM inference in Rust,2024-10-24T03:24:35Z,2024-07-13T03:41:27Z,7
cedar,https://github.com/cedar-policy/cedar,969,94,Rust,cedar-policy,Implementation of the Cedar Policy Language,2025-03-21T16:53:17Z,2023-04-25T15:13:59Z,130
Fomos,https://github.com/Ruddle/Fomos,965,26,Rust,Ruddle,"Experimental OS, built with rust",2023-09-03T17:57:01Z,2023-08-21T18:24:32Z,5
amdgpu_top,https://github.com/Umio-Yasuno/amdgpu_top,954,27,Rust,Umio-Yasuno,Tool to display AMDGPU usage,2025-03-21T00:14:27Z,2023-03-02T19:45:14Z,0
kftray,https://github.com/hcavarsan/kftray,949,62,Rust,hcavarsan,"ğŸ¦€ âš¡ kubectl port forward manager, with support for UDP and proxy connections through k8s clusters ",2025-03-19T05:49:11Z,2023-11-26T01:02:19Z,4
system-manager,https://github.com/numtide/system-manager,943,28,Rust,numtide,Manage system config using nix on any distro,2025-03-19T21:50:26Z,2023-03-22T16:38:41Z,26
fastwebsockets,https://github.com/denoland/fastwebsockets,942,81,Rust,denoland,A fast RFC6455 WebSocket implementation,2025-03-14T04:53:17Z,2023-03-13T17:24:19Z,12
voy,https://github.com/tantaraio/voy,934,35,Rust,tantaraio,ğŸ•¸ï¸ğŸ¦€ A WASM vector similarity search written in Rust,2023-09-20T18:14:53Z,2023-01-27T08:48:18Z,21
fjall,https://github.com/fjall-rs/fjall,928,36,Rust,fjall-rs,ğŸ—» LSM-based embeddable key-value storage engine written in safe Rust,2025-03-18T20:20:17Z,2023-11-16T13:41:50Z,22
rinha-de-compiler,https://github.com/aripiprazole/rinha-de-compiler,925,221,Rust,aripiprazole,ğŸ¥– | Rinha de compiladores (ou interpretadores kkkk,2023-10-04T18:37:25Z,2023-09-06T16:08:00Z,1
MusicGPT,https://github.com/gabotechs/MusicGPT,921,89,Rust,gabotechs,Generate music based on natural language prompts using LLMs running locally,2025-02-09T10:06:29Z,2024-05-03T16:20:12Z,8
datafusion-comet,https://github.com/apache/datafusion-comet,919,187,Rust,apache,Apache DataFusion Comet Spark Accelerator,2025-03-21T19:51:35Z,2024-01-15T17:33:42Z,220
motor-os,https://github.com/moturus/motor-os,919,30,Rust,moturus,"A simple, fast, and secure operating system for the cloud.",2025-03-20T04:00:40Z,2023-12-21T19:41:20Z,6
tonbo,https://github.com/tonbo-io/tonbo,917,54,Rust,tonbo-io,A portable embedded database using Arrow.,2025-03-21T12:12:49Z,2024-07-15T03:23:00Z,21
hibiki,https://github.com/kyutai-labs/hibiki,909,72,Rust,kyutai-labs,"Hibiki is a model for streaming speech translation (also known as simultaneous translation). Unlike offline translationâ€”where one waits for the end of the source utterance to start translating--- Hibiki adapts its flow to accumulate just enough context to produce a correct translation in real-time, chunk by chunk. ",2025-02-09T18:13:48Z,2025-02-04T07:33:56Z,6
jawsm,https://github.com/drogus/jawsm,907,17,Rust,drogus,JavaScript to WASM compiler,2025-03-19T07:15:02Z,2024-10-20T07:50:16Z,1
cubecl,https://github.com/tracel-ai/cubecl,902,50,Rust,tracel-ai,Multi-platform high-performance compute language extension for Rust.,2025-03-21T19:06:38Z,2024-06-14T13:22:39Z,56
rmk,https://github.com/HaoboGu/rmk,901,73,Rust,HaoboGu,"Rust keyboard firmware library with layers, macros, real-time keymap editing, wireless(BLE) and split support",2025-03-20T10:05:34Z,2023-09-06T13:17:05Z,37
conduwuit,https://github.com/girlbossceo/conduwuit,892,89,Rust,girlbossceo,"a very cool, featureful fork of conduit (rust matrix homeserver)",2025-03-18T04:44:57Z,2023-11-26T17:58:12Z,43
bili-sync,https://github.com/amtoaer/bili-sync,884,71,Rust,amtoaer,ç”± Rust & Tokio é©±åŠ¨çš„å“”å“©å“”å“©åŒæ­¥å·¥å…·,2025-02-27T06:05:05Z,2023-11-20T17:39:37Z,84
tabiew,https://github.com/shshemi/tabiew,881,22,Rust,shshemi,"A lightweight TUI application to view and query tabular data files, such as CSV, TSV, and parquet.",2025-03-12T21:03:06Z,2024-04-27T16:21:19Z,12
gxhash,https://github.com/ogxd/gxhash,878,32,Rust,ogxd,The fastest hashing algorithm ğŸ“ˆ,2025-03-11T23:11:29Z,2023-09-12T20:05:01Z,14
llama-node,https://github.com/Atome-FE/llama-node,869,64,Rust,Atome-FE,"Believe in AI democratization. llama for nodejs backed by llama-rs, llama.cpp and rwkv.cpp, work locally on your laptop CPU. support llama/alpaca/gpt4all/vicuna/rwkv model.",2023-08-03T02:46:18Z,2023-03-20T10:47:19Z,45
listen,https://github.com/piotrostr/listen,869,130,Rust,piotrostr,Solana Swiss Army Knife,2025-03-21T19:46:08Z,2024-04-29T09:27:10Z,5
motorhead,https://github.com/getmetal/motorhead,868,82,Rust,getmetal,ğŸ§  Motorhead is a memory and information retrieval server for LLMs.,2024-11-19T20:30:17Z,2023-03-29T17:16:45Z,11
tachyonfx,https://github.com/junkdog/tachyonfx,868,9,Rust,junkdog,shader-like effects library for ratatui applications,2025-03-20T20:31:25Z,2024-06-08T08:00:49Z,0
awrit,https://github.com/chase/awrit,866,29,Rust,chase,A full graphical web browser for Kitty terminal with mouse and keyboard support,2025-03-17T03:15:31Z,2023-05-06T15:51:19Z,11
femtoGPT,https://github.com/keyvank/femtoGPT,862,57,Rust,keyvank,Pure Rust implementation of a minimal Generative Pretrained Transformer,2024-09-10T20:37:30Z,2023-05-28T17:41:48Z,8
impala,https://github.com/pythops/impala,857,13,Rust,pythops,ğŸ›œ TUI for managing wifi on Linux.,2025-02-17T21:35:15Z,2024-06-09T22:00:04Z,7
NimPlant,https://github.com/chvancooten/NimPlant,851,112,Rust,chvancooten,A light-weight first-stage C2 implant written in Nim (and Rust).,2025-03-09T11:47:56Z,2023-02-13T13:42:39Z,2
privastead,https://github.com/privastead/privastead,850,16,Rust,privastead,,2025-03-21T15:22:09Z,2024-11-26T04:02:05Z,0
corrosion,https://github.com/superfly/corrosion,850,29,Rust,superfly,Gossip-based service discovery (and more) for large distributed systems.,2025-03-19T14:34:53Z,2023-04-23T15:42:33Z,26
iceberg-rust,https://github.com/apache/iceberg-rust,848,217,Rust,apache,Apache Iceberg,2025-03-21T17:24:42Z,2023-07-21T06:16:00Z,108
langchain-rust,https://github.com/Abraxas-365/langchain-rust,847,112,Rust,Abraxas-365,"ğŸ¦œï¸ğŸ”—LangChain for Rust, the easiest way to write LLM-based programs in Rust",2025-03-15T18:51:22Z,2024-01-31T14:40:00Z,49
rune,https://github.com/Losses/rune,845,25,Rust,Losses,Experience timeless melodies with a music player that blends classic design with modern technology.,2025-03-21T08:16:25Z,2024-07-09T12:01:46Z,2
envio,https://github.com/envio-cli/envio,844,14,Rust,envio-cli,envio is a modern and secure command-line tool that simplifies the management of environment variables,2024-10-16T08:12:27Z,2023-03-20T13:32:54Z,4
core,https://github.com/alloy-rs/core,838,183,Rust,alloy-rs,"High-performance, well-tested & documented core libraries for Ethereum, in Rust",2025-03-21T15:44:26Z,2023-03-17T16:49:39Z,17
lantern,https://github.com/lanterndata/lantern,836,61,Rust,lanterndata,PostgreSQL vector database extension for building AI applications,2024-12-12T11:38:34Z,2023-07-11T00:22:57Z,32
websurfx,https://github.com/neon-mmd/websurfx,829,103,Rust,neon-mmd,":rocket: An open source alternative to searx which provides a modern-looking :sparkles:, lightning-fast :zap:, privacy respecting :disguised_face:, secure :lock: meta search engine",2025-03-07T17:04:16Z,2023-04-28T08:16:38Z,13
IPA,https://github.com/seekbytes/IPA,825,25,Rust,seekbytes,"GUI analyzer for deep-diving into PDF files. Detect malicious payloads, understand object relationships, and extract key information for threat analysis.",2024-08-22T10:00:50Z,2024-08-22T09:38:07Z,0
ula,https://github.com/dotcypress/ula,825,67,Rust,dotcypress,Î¼LA: Micro Logic Analyzer for RP2040,2025-02-10T11:25:22Z,2023-04-12T19:15:15Z,13
rusty-sando,https://github.com/mouseless0x/rusty-sando,818,260,Rust,mouseless0x,Implementation of a competitive v2/v3 multi-meat MEV sandwich bot written using Rust and Huff.,2023-08-08T03:30:19Z,2023-03-19T18:17:21Z,0
eyra,https://github.com/sunfishcode/eyra,814,12,Rust,sunfishcode,Rust programs written entirely in Rust,2025-03-07T01:16:25Z,2023-09-22T20:09:24Z,5
pxp,https://github.com/ryangjchandler/pxp,811,4,Rust,ryangjchandler,An early-stage project to develop high-performance tools for PHP developers.,2025-03-13T19:31:02Z,2023-01-03T17:59:27Z,0
autometrics-rs,https://github.com/autometrics-dev/autometrics-rs,811,31,Rust,autometrics-dev,Easily add metrics to your code that actually help you spot and debug issues in production. Built on Prometheus and OpenTelemetry.,2024-10-21T22:52:29Z,2023-01-12T10:58:47Z,13
proto,https://github.com/moonrepo/proto,809,41,Rust,moonrepo,A pluggable multi-language version manager.,2025-03-19T23:10:00Z,2023-02-17T00:02:23Z,14
kameo,https://github.com/tqwewe/kameo,805,30,Rust,tqwewe,Fault-tolerant async actors for Rust that scale seamlessly,2025-03-19T18:03:28Z,2024-03-29T14:57:41Z,8
kunai,https://github.com/kunai-project/kunai,800,61,Rust,kunai-project,Threat-hunting tool for Linux,2025-02-24T14:36:46Z,2023-06-21T14:02:18Z,11
june,https://github.com/sophiajt/june,800,31,Rust,sophiajt,,2024-06-03T22:17:49Z,2023-05-19T20:07:17Z,30
tvix,https://github.com/tvlfyi/tvix,798,10,Rust,tvlfyi,Tvix - A Rust implementation of Nix. Read-only mirror of https://code.tvl.fyi/tree/tvix,2025-03-20T20:18:13Z,2023-02-01T16:57:15Z,0
electrico,https://github.com/thomastschurtschenthaler/electrico,795,13,Rust,thomastschurtschenthaler,A Lightweight Electron App Container,2025-02-19T11:44:13Z,2024-09-12T10:14:51Z,5
alloy,https://github.com/alloy-rs/alloy,794,308,Rust,alloy-rs,"Transports, Middleware, and Networks for the Alloy project",2025-03-21T12:53:46Z,2023-04-17T23:31:47Z,20
crabtime,https://github.com/wdanilo/crabtime,791,16,Rust,wdanilo,,2025-03-19T15:22:58Z,2025-03-04T06:34:46Z,7
Satty,https://github.com/gabm/Satty,791,31,Rust,gabm,Satty - Modern Screenshot Annotation. A tool inspired by Swappy and Flameshot.,2025-01-11T09:35:27Z,2023-09-21T11:21:05Z,37
cargo-wizard,https://github.com/Kobzol/cargo-wizard,789,6,Rust,Kobzol,Cargo subcommand for configuring Cargo projects for best performance.,2024-04-07T19:22:32Z,2024-03-03T15:21:27Z,5
DataSurgeon,https://github.com/Drew-Alleman/DataSurgeon,786,62,Rust,Drew-Alleman," Quickly Extracts IP's, Email Addresses, Hashes, Files, Credit Cards, Social Security Numbers and a lot More From Text",2024-02-28T17:43:25Z,2023-02-26T09:32:09Z,4
openapi-tui,https://github.com/zaghaghi/openapi-tui,780,16,Rust,zaghaghi,"Terminal UI to list, browse and run APIs defined with openapi spec.",2025-03-07T12:54:26Z,2024-03-02T09:42:10Z,4
pacquet,https://github.com/pnpm/pacquet,775,21,Rust,pnpm,experimental package manager for node.js,2024-09-26T10:39:34Z,2023-07-12T17:29:15Z,24
pg_vectorize,https://github.com/tembo-io/pg_vectorize,766,38,Rust,tembo-io,The simplest way to build AI workloads on Postgres,2025-03-21T20:38:06Z,2023-07-24T19:26:09Z,6
jolt,https://github.com/a16z/jolt,765,214,Rust,a16z,The simplest and most extensible zkVM. Fast and fully open source from a16z crypto and friends. âš¡,2025-03-21T17:54:38Z,2023-05-18T21:00:08Z,30
codesnap.nvim,https://github.com/mistricky/codesnap.nvim,764,22,Rust,mistricky,ğŸ“¸ Snapshot plugin with rich features that can make pretty code snapshots for Neovim,2024-12-07T14:33:42Z,2024-02-13T06:05:34Z,22
ordinals-collections,https://github.com/ordinals-wallet/ordinals-collections,761,1410,Rust,ordinals-wallet,A place for creators & builders to organize ordinal collections!,2024-08-12T11:05:54Z,2023-02-17T07:29:22Z,14
pyrometer,https://github.com/nascentxyz/pyrometer,760,60,Rust,nascentxyz,A tool for analyzing the security and parameters of a solidity smart contract,2025-02-14T15:41:16Z,2023-01-08T18:22:27Z,10
y-sweet,https://github.com/jamsocket/y-sweet,759,41,Rust,jamsocket,"A realtime CRDT-based document store, backed by S3.",2025-02-05T18:08:56Z,2023-07-17T14:44:25Z,18
ollama-rs,https://github.com/pepperoni21/ollama-rs,748,109,Rust,pepperoni21,A simple and easy-to-use library for interacting with the Ollama API.,2025-03-20T07:03:08Z,2023-11-02T16:16:33Z,4
pipeless,https://github.com/pipeless-ai/pipeless,746,38,Rust,pipeless-ai,An open-source computer vision framework to build and deploy apps in minutes,2024-05-08T10:13:19Z,2023-07-21T17:22:24Z,16
magic-cli,https://github.com/guywaldman/magic-cli,745,19,Rust,guywaldman,Command line utility to make you a magician in the terminal,2024-07-27T23:44:04Z,2024-06-24T10:14:42Z,8
foyer,https://github.com/foyer-rs/foyer,743,36,Rust,foyer-rs,Hybrid in-memory and disk cache in Rust,2025-03-20T15:40:28Z,2023-05-12T03:02:26Z,40
edge-runtime,https://github.com/supabase/edge-runtime,741,73,Rust,supabase,"A server based on Deno runtime, capable of running JavaScript, TypeScript, and WASM services.",2025-03-21T07:01:34Z,2023-01-09T04:06:57Z,20
llm-ls,https://github.com/huggingface/llm-ls,740,60,Rust,huggingface,LSP server leveraging LLMs for code completion (and more?),2024-09-26T10:08:15Z,2023-08-10T20:45:27Z,20
systemctl-tui,https://github.com/rgwood/systemctl-tui,739,19,Rust,rgwood,"A fast, simple TUI for interacting with systemd services and their logs",2025-03-02T22:39:15Z,2023-08-16T03:02:09Z,11
gpt-aggregated-edition,https://github.com/1595901624/gpt-aggregated-edition,737,52,Rust,1595901624,èšåˆChatGPTå®˜æ–¹ç‰ˆã€ChatGPTå…è´¹ç‰ˆã€æ–‡å¿ƒä¸€è¨€ã€Poeã€chatchatç­‰å¤šå¹³å°ï¼Œæ”¯æŒè‡ªå®šä¹‰å¯¼å…¥å¹³å°,2023-07-25T03:25:32Z,2023-03-21T13:57:05Z,11
serie,https://github.com/lusingander/serie,737,18,Rust,lusingander,"A rich git commit graph in your terminal, like magic ğŸ“š",2025-03-08T04:56:34Z,2024-07-28T07:22:08Z,9
fas-rs,https://github.com/shadow3aaa/fas-rs,735,49,Rust,shadow3aaa,Frame aware scheduling for android.,2025-03-19T09:32:38Z,2023-06-13T10:10:02Z,0
csbindgen,https://github.com/Cysharp/csbindgen,735,60,Rust,Cysharp,Generate C# FFI from Rust for automatically brings native code and C native library to .NET and Unity.,2025-03-19T06:28:52Z,2023-02-26T18:32:19Z,9
golem,https://github.com/golemcloud/golem,730,108,Rust,golemcloud,Golem is an open source durable computing platform that makes it easy to build and deploy highly reliable distributed systems.,2025-03-21T17:26:21Z,2023-11-24T08:54:54Z,129
paddler,https://github.com/distantmagic/paddler,729,30,Rust,distantmagic,Stateful load balancer custom-tailored for llama.cpp ğŸ“ğŸ¦™,2025-03-18T20:42:01Z,2024-04-27T18:07:47Z,8
govee2mqtt,https://github.com/wez/govee2mqtt,728,49,Rust,wez,Govee2MQTT: Connect Govee lights and devices to Home Assistant,2025-03-03T16:00:47Z,2024-01-03T18:06:30Z,180
sqruff,https://github.com/quarylabs/sqruff,727,28,Rust,quarylabs,Fast SQL formatter/linter,2025-03-21T10:31:12Z,2023-02-13T19:36:25Z,35
comfy,https://github.com/darthdeus/comfy,726,37,Rust,darthdeus,"Comfy is a fun 2D game engine built in Rust. It's designed to be opinionated, productive, and easy to use.",2024-09-08T19:50:34Z,2023-08-12T20:45:48Z,37
halp,https://github.com/orhun/halp,721,9,Rust,orhun,A CLI tool to get help with CLI tools ğŸ™,2025-03-01T06:03:05Z,2023-03-07T20:30:32Z,6
srgn,https://github.com/alexpovel/srgn,721,9,Rust,alexpovel,A grep-like tool which understands source code syntax and allows for manipulation in addition to search,2025-03-01T15:10:39Z,2023-05-16T15:32:07Z,6
browser-agent,https://github.com/m1guelpf/browser-agent,715,62,Rust,m1guelpf,"A browser AI agent, using GPT-4",2023-04-25T22:03:06Z,2023-03-22T08:49:04Z,3
Freeze.rs,https://github.com/optiv/Freeze.rs,714,84,Rust,optiv,"Freeze.rs is a payload toolkit for bypassing EDRs using suspended processes, direct syscalls written in RUST",2023-08-18T17:26:44Z,2023-05-03T16:04:47Z,0
lowfi,https://github.com/talwat/lowfi,712,29,Rust,talwat,An extremely simple lofi player.,2025-03-17T18:04:23Z,2024-09-23T19:58:50Z,5
virtual-display-rs,https://github.com/MolotovCherry/virtual-display-rs,708,52,Rust,MolotovCherry,"A Windows virtual display driver to add multiple virtual monitors to your PC! For Win10+. Works with VR, obs, streaming software, etc",2025-03-03T18:37:21Z,2023-09-01T20:20:01Z,11
thunder,https://github.com/0x676e67/thunder,708,68,Rust,0x676e67,Synology NAS thunder run on Linux,2024-06-30T23:26:51Z,2023-04-14T06:07:21Z,15
lumen,https://github.com/jnsahaj/lumen,707,23,Rust,jnsahaj,"Instant AI Git Commit message, Git changes summary from the CLI (no API key required)",2025-03-20T11:05:03Z,2024-10-28T17:42:55Z,5
meteroid,https://github.com/meteroid-oss/meteroid,705,32,Rust,meteroid-oss,"Open-source Pricing and Billing Infrastructure ğŸš€ Subscription management, Invoicing, Pricing, Usage-based billing, Cost limiting, Grandfathering, Experiments, Revenue analytics & Actionable insights ",2025-03-21T18:55:49Z,2023-07-13T16:30:42Z,0
rustfinity,https://github.com/rustfinity/rustfinity,698,21,Rust,rustfinity,Learn and Practice the Rust programming language the effective way.,2025-02-15T15:21:13Z,2024-05-01T03:52:43Z,17
ore,https://github.com/regolith-labs/ore,698,242,Rust,regolith-labs,ORE is a cryptocurrency everyone can mine.,2025-03-19T21:52:34Z,2024-01-07T15:24:23Z,32
mkdb,https://github.com/antoniosarosi/mkdb,698,63,Rust,antoniosarosi,Toy Database,2024-10-21T16:00:08Z,2023-10-03T19:31:51Z,0
mevi,https://github.com/fasterthanlime/mevi,694,18,Rust,fasterthanlime,A memory visualizer in Rust (ptrace + userfaultfd),2024-10-03T03:26:34Z,2023-03-07T16:43:58Z,2
ch57x-keyboard-tool,https://github.com/kriomant/ch57x-keyboard-tool,694,80,Rust,kriomant,Utility for programming ch57x small keyboard,2025-02-14T06:52:48Z,2023-01-16T20:18:30Z,16
sail,https://github.com/lakehq/sail,688,24,Rust,lakehq,"LakeSail's computation framework with a mission to unify batch processing, stream processing, and compute-intensive (AI) workloads.",2025-03-21T16:14:14Z,2023-12-21T03:43:49Z,37
bitwhip,https://github.com/bitwhip/bitwhip,687,13,Rust,bitwhip,CLI Native WebRTC Agent in Rust,2024-11-04T03:24:46Z,2024-07-09T02:17:55Z,1
podlet,https://github.com/containers/podlet,685,17,Rust,containers,"Generate Podman Quadlet files from a Podman command, compose file, or existing object",2024-11-05T21:15:47Z,2023-03-03T11:09:35Z,23
disruptor-rs,https://github.com/nicholassm/disruptor-rs,685,23,Rust,nicholassm,Low latency inter-thread communication library in Rust inspired by the LMAX Disruptor.,2025-03-15T19:39:03Z,2023-07-21T13:33:05Z,0
papaya,https://github.com/ibraheemdev/papaya,681,16,Rust,ibraheemdev,A fast and ergonomic concurrent hashmap for read-heavy workloads.,2025-03-14T13:04:40Z,2023-11-20T05:59:21Z,7
dotslash,https://github.com/facebook/dotslash,678,24,Rust,facebook,Simplified executable deployment,2025-03-19T06:08:53Z,2024-02-06T05:21:56Z,14
bevy_lunex,https://github.com/bytestring-net/bevy_lunex,677,30,Rust,bytestring-net,Blazingly fast retained layout engine for Bevy ECS.,2025-03-16T16:03:45Z,2023-06-26T20:44:39Z,6
tuono,https://github.com/tuono-labs/tuono,677,43,Rust,tuono-labs,âš¡ Superfast fullstack React framework,2025-03-21T10:16:20Z,2024-04-28T08:52:07Z,23
bark,https://github.com/haileys/bark,676,13,Rust,haileys,live sync audio streaming for local networks,2025-01-23T10:01:24Z,2023-08-14T11:24:24Z,10
rustgpt,https://github.com/bitswired/rustgpt,673,46,Rust,bitswired,RustGPT is a ChatGPT UI built with Rust + HTMX: the power of Rust coupled with the simplicity of HTMX ğŸ’š,2023-11-23T12:08:11Z,2023-11-09T10:23:45Z,0
pipelight,https://github.com/pipelight/pipelight,670,18,Rust,pipelight,"Tiny automation pipelines. Bring CI/CD to the smallest projects. Self-hosted, Lightweight, CLI only.",2025-03-07T12:39:04Z,2023-03-13T18:34:58Z,10
ratchet,https://github.com/huggingface/ratchet,669,34,Rust,huggingface,A cross-platform browser ML framework.,2024-11-23T21:02:58Z,2024-01-11T15:00:17Z,28
lambdaworks,https://github.com/lambdaclass/lambdaworks,666,151,Rust,lambdaclass,"lambdaworks offers implementations for both SNARKs and STARKs provers, along with the flexibility to leverage their individual components for constructing customized SNARKs.",2025-03-21T20:40:30Z,2023-01-16T13:07:29Z,67
network-api,https://github.com/nexus-xyz/network-api,666,239,Rust,nexus-xyz,High-performance interface for supplying compute to the Nexus network.,2025-02-27T21:05:47Z,2024-08-08T23:42:12Z,245
cases,https://github.com/cncases/cases,662,75,Rust,cncases,ä¸­å›½è£åˆ¤æ–‡ä¹¦ç½‘æœ¬åœ°æœç´¢,2025-03-17T09:24:15Z,2024-01-14T14:23:41Z,1
rip,https://github.com/prefix-dev/rip,660,22,Rust,prefix-dev,Solve and install Python packages quickly with rip (pip in Rust),2025-02-20T08:35:38Z,2023-07-10T15:50:01Z,21
ngrrram,https://github.com/wintermute-cell/ngrrram,660,16,Rust,wintermute-cell,A TUI tool to help you type faster and learn new layouts. Includes a free cat.,2024-11-22T21:14:41Z,2024-05-21T12:56:45Z,1
maelstrom,https://github.com/maelstrom-software/maelstrom,657,11,Rust,maelstrom-software,"Maelstrom is a fast Rust, Go, and Python test runner that runs every test in its own container. Tests are either run locally or distributed to a clustered job runner.",2025-03-21T19:25:19Z,2023-05-01T17:13:44Z,191
niva,https://github.com/bramblex/niva,653,32,Rust,bramblex,ä¸€ä¸ªåŸºäº Tauri WRY è·¨ç«¯ Webview åº“çš„è¶…è½»é‡ææ˜“ç”¨çš„è·¨ç«¯åº”ç”¨å¼€å‘æ¡†æ¶ã€‚,2025-03-18T11:53:51Z,2023-02-25T08:40:52Z,77
hyperion,https://github.com/hyperion-mc/hyperion,652,27,Rust,hyperion-mc,"170,000 player capable Minecraft game engine built in Rust.",2025-03-21T18:19:14Z,2024-03-01T07:28:41Z,19
pica,https://github.com/picahq/pica,652,33,Rust,picahq,The Complete Agentic Tooling Platform,2025-03-19T17:43:54Z,2024-04-05T16:11:43Z,5
htmx-lsp,https://github.com/ThePrimeagen/htmx-lsp,651,30,Rust,ThePrimeagen,its so over,2024-12-11T17:34:23Z,2023-08-14T17:52:26Z,7
typstudio,https://github.com/Cubxity/typstudio,651,21,Rust,Cubxity,"A W.I.P desktop application for a new typesetting language, typst.",2024-03-17T20:04:08Z,2023-04-11T18:45:10Z,14
pg_replicate,https://github.com/supabase/pg_replicate,647,29,Rust,supabase,Build Postgres replication apps in Rust,2025-03-21T10:43:30Z,2024-02-05T06:34:48Z,53
Peng,https://github.com/makeecat/Peng,646,30,Rust,makeecat,"A minimal quadrotor autonomy framework in Rust (Mac, Linux, Windows)",2025-02-19T13:28:26Z,2024-07-07T19:52:02Z,0
solana-arbitrage-bot,https://github.com/0xNineteen/solana-arbitrage-bot,645,208,Rust,0xNineteen,solana arbitrage bot across multiple spot dexs,2023-04-10T18:36:19Z,2023-02-25T11:38:02Z,6
packages,https://github.com/typst/packages,641,495,Rust,typst,Packages for Typst.,2025-03-21T15:38:18Z,2023-06-26T12:26:19Z,17
spring-rs,https://github.com/spring-rs/spring-rs,639,35,Rust,spring-rs,ğŸƒspring-rs is a application framework written in rust inspired by java's spring-boot,2024-12-15T08:56:21Z,2024-05-26T06:02:17Z,12
compio,https://github.com/compio-rs/compio,639,47,Rust,compio-rs,A thread-per-core Rust runtime with IOCP/io_uring/polling.,2025-03-21T05:12:44Z,2023-08-28T16:19:59Z,4
gpt-macro,https://github.com/retrage/gpt-macro,638,10,Rust,retrage,ChatGPT powered Rust proc macro that generates code at compile-time.,2025-03-03T03:31:06Z,2023-03-05T13:14:11Z,0
nfsserve,https://github.com/xetdata/nfsserve,637,61,Rust,xetdata,A Rust NFS Server implementation,2024-09-23T21:15:17Z,2023-06-05T05:08:46Z,1
self-replace,https://github.com/mitsuhiko/self-replace,636,24,Rust,mitsuhiko,Utility library that helps to implement processes that replace themselves,2024-09-23T21:20:05Z,2023-05-14T13:14:47Z,3
overskride,https://github.com/kaii-lb/overskride,635,14,Rust,kaii-lb,A simple yet powerful bluetooth client. ,2025-01-25T22:58:05Z,2023-09-12T11:25:31Z,15
gpui-component,https://github.com/longbridge/gpui-component,635,50,Rust,longbridge,UI components for building fantastic desktop application by using GPUI.,2025-03-21T09:34:39Z,2024-06-13T13:45:39Z,13
qsharp,https://github.com/microsoft/qsharp,632,112,Rust,microsoft,"Azure Quantum Development Kit, including the Q# programming language, resource estimator, and Quantum Katas",2025-03-21T20:38:51Z,2023-01-26T20:07:33Z,139
whkd,https://github.com/LGUG2Z/whkd,628,20,Rust,LGUG2Z,A simple hotkey daemon for Windows,2025-03-18T02:03:03Z,2023-01-20T22:19:42Z,10
KeyEcho,https://github.com/ZacharyL2/KeyEcho,628,18,Rust,ZacharyL2,Listen to Mechanical Keyboard Sounds with Every Keystroke - It's Fast,2024-10-31T11:06:11Z,2024-05-31T11:47:31Z,11
sig,https://github.com/ynqa/sig,628,9,Rust,ynqa,Interactive grep (for streaming),2025-02-21T15:07:45Z,2024-05-25T00:05:15Z,2
macmon,https://github.com/vladkens/macmon,628,19,Rust,vladkens,"ğŸ¦€âš™ï¸ Sudoless performance monitoring for Apple Silicon processors. CPU / GPU / RAM usage, power consumption & temperature ğŸŒ¡ï¸",2025-02-26T00:56:27Z,2024-06-16T08:34:34Z,7
magi,https://github.com/a16z/magi,628,107,Rust,a16z,A blazing fast OP Stack rollup client written in Rust,2024-08-16T19:28:34Z,2023-02-15T01:50:00Z,9
cot,https://github.com/cot-rs/cot,626,20,Rust,cot-rs,The Rust web framework for lazy developers.,2025-03-21T14:19:29Z,2024-06-09T15:11:29Z,36
aws-secretsmanager-agent,https://github.com/aws/aws-secretsmanager-agent,625,31,Rust,aws,The AWS Secrets Manager Agent is a local HTTP service that you can install and use in your compute environments to read secrets from Secrets Manager and cache them in memory.,2025-03-19T22:23:02Z,2024-07-03T17:16:46Z,5
serpl,https://github.com/yassinebridi/serpl,624,5,Rust,yassinebridi,"A simple terminal UI for search and replace, ala VS Code.",2024-08-03T19:53:35Z,2024-06-20T22:27:13Z,15
ntsc-rs,https://github.com/valadaptive/ntsc-rs,623,13,Rust,valadaptive,"Free, open-source VHS effect. Standalone application + plugin (After Effects, Premiere, and OpenFX).",2025-03-13T23:17:51Z,2023-08-24T03:07:59Z,46
Valthrun,https://github.com/Valthrun/Valthrun,611,64,Rust,Valthrun,Valthrun an open source external CS2 read only kernel gameplay enhancer.,2025-03-09T18:43:08Z,2023-07-29T16:15:41Z,42
retroboy,https://github.com/smparsons/retroboy,611,12,Rust,smparsons,A Game Boy emulator written in Rust.,2025-03-21T12:23:56Z,2023-10-18T12:49:31Z,2
cartero,https://github.com/danirod/cartero,610,39,Rust,danirod,"Cartero is the native, lightweight, multiplatform and free HTTP client that you can use to test your APIs. Avoid bloat, respect your privacy, reject cloud; that's the motto.",2025-03-21T19:45:43Z,2024-03-22T21:37:46Z,15
rust-practice,https://github.com/rosedblabs/rust-practice,608,74,Rust,rosedblabs,some tiny learning projects in Rust,2024-08-29T12:06:25Z,2024-04-22T09:46:01Z,0
chess-tui,https://github.com/thomas-mauran/chess-tui,606,34,Rust,thomas-mauran,Play chess from your terminal ğŸ¦€,2025-03-14T19:41:16Z,2023-11-14T20:01:00Z,15
arceos,https://github.com/arceos-org/arceos,606,322,Rust,arceos-org,An experimental modular OS written in Rust.,2025-03-06T02:49:35Z,2023-02-23T07:02:40Z,12
prsqlite,https://github.com/kawasin73/prsqlite,605,27,Rust,kawasin73,Pure Rust implementation of SQLite,2024-08-25T15:29:41Z,2023-02-18T07:53:47Z,21
manga-tui,https://github.com/josueBarretogit/manga-tui,603,18,Rust,josueBarretogit,Terminal-based manga reader and downloader with image rendering support ,2025-03-17T21:45:48Z,2024-06-10T23:02:19Z,12
VIPORMiner,https://github.com/ViporMiner/VIPORMiner,600,78,Rust,ViporMiner,"æœ€ç¨³å®šçš„BTC-å…¨å¸ç§ä»£ç†ä¸­è½¬,åœ°è¡¨æœ€å¼ºçŸ¿æ± ä»£ç† çŸ¿æ± ä¸­è½¬ çŸ¿æ± æŠ½æ°´å¼€å‘è€…è´¹ç”¨å›ºå®šåƒåˆ†ä¹‹2ï¼ˆ1å°ä¹Ÿæ˜¯0.2%ï¼Œæ²¡æœ‰çŸ¿æœºæ•°é‡é—¨åï¼‰å‡ ä¹æ— æŸçš„è½¬å‘ï¼Œè¿‘ä¹å˜æ€çš„ç²¾å‡†æ¯”ä¾‹ï¼›è½»æ¾æ”¯æŒç™¾ä¸‡çº§å¹¶å‘ï¼å¼€å‘è´¹å•ä¸€æŠ½å–.ç²¾å‡†æ¯”ä¾‹,/BTC/ETH/ETC/LTC/RVN/ERGO/CFX/KAS/IRON/CKB/KDA/ZEC/NEXA ,æ€§èƒ½æé«˜ï¼Œç»è¿‡1000Gå‹åŠ›æµ‹è¯•ï¼Œä¸€é”®å®‰è£…ä¸Šæ‰‹ç®€å•ï¼ï¼minerproxy minerproxy minerproxy minerproxy minerproxy minerproxy minerproxy minerproxy minerproxy minerproxy minerproxy minerproxy minerproxy minerproxy minerp",2025-03-21T07:35:00Z,2023-08-16T10:34:42Z,2
lightyear,https://github.com/cBournhonesque/lightyear,599,66,Rust,cBournhonesque,A networking library to make multiplayer games for the Bevy game engine,2025-03-21T01:43:42Z,2023-02-07T02:10:39Z,91
marmite,https://github.com/rochacbruno/marmite,599,35,Rust,rochacbruno,Markdown makes sites - A Static Site Generator for Blogs,2025-03-17T11:49:11Z,2024-10-14T17:31:42Z,22
KiteSQL,https://github.com/KipData/KiteSQL,598,49,Rust,KipData,SQL as a Function for Rust,2025-02-12T16:13:16Z,2023-06-05T03:53:10Z,18
scooter,https://github.com/thomasschafer/scooter,597,11,Rust,thomasschafer,Interactive find and replace in the terminal,2025-03-18T08:23:20Z,2024-07-22T20:36:05Z,6
chili,https://github.com/dragostis/chili,595,9,Rust,dragostis,"Rust port of Spice, a low-overhead parallelization library",2025-01-03T07:52:08Z,2024-08-27T18:12:53Z,3
brontes,https://github.com/SorellaLabs/brontes,594,40,Rust,SorellaLabs,A blazingly fast general purpose blockchain analytics engine specialized in systematic mev detection,2025-03-14T21:48:16Z,2023-07-11T13:01:46Z,13
narrowlink,https://github.com/narrowlink/narrowlink,594,13,Rust,narrowlink,A self-hosted solution to enable secure connectivity between devices across restricted networks like NAT or firewalls,2024-11-30T00:47:50Z,2023-07-30T21:04:19Z,29
oatmeal,https://github.com/dustinblackman/oatmeal,593,33,Rust,dustinblackman,"Terminal UI to chat with large language models (LLM) using different model backends, and integrations with your favourite editors!",2024-06-01T03:49:13Z,2023-11-06T01:19:04Z,20
bluetui,https://github.com/pythops/bluetui,591,17,Rust,pythops,ğŸ›œ TUI for managing bluetooth on Linux.,2025-03-19T22:05:24Z,2024-02-21T23:02:07Z,8
Plonky3,https://github.com/Plonky3/Plonky3,590,270,Rust,Plonky3,A toolkit for polynomial IOPs (PIOPs),2025-03-21T18:15:14Z,2023-03-30T05:46:08Z,36
zjstatus,https://github.com/dj95/zjstatus,589,16,Rust,dj95,A configurable statusbar plugin for zellij,2025-03-17T08:40:12Z,2023-08-30T17:37:02Z,7
symbolica,https://github.com/benruijl/symbolica,588,24,Rust,benruijl,A modern computer algebra library for Python and Rust.,2025-03-20T13:13:19Z,2023-01-11T14:43:12Z,0
RustyTube,https://github.com/opensourcecheemsburgers/RustyTube,586,33,Rust,opensourcecheemsburgers,A rusty Youtube client.,2024-09-19T08:00:07Z,2023-08-17T11:55:27Z,21
Rust-Flashcards,https://github.com/ad-si/Rust-Flashcards,582,17,Rust,ad-si,Over 550 flashcards to learn Rust from first principles. Written in markdown with script to convert them to an Anki deck or PDF file.,2024-06-25T19:04:27Z,2024-03-03T10:58:05Z,0
zeroth-bot,https://github.com/zeroth-robotics/zeroth-bot,580,80,Rust,zeroth-robotics,3D-printed open-source humanoid robot platform for sim-to-real and RL,2025-03-19T23:09:53Z,2024-09-03T06:48:40Z,8
sonic-rs,https://github.com/cloudwego/sonic-rs,580,40,Rust,cloudwego,A fast Rust JSON library based on SIMD.,2025-03-21T08:38:58Z,2023-07-27T06:17:26Z,16
intentrace,https://github.com/sectordistrict/intentrace,575,8,Rust,sectordistrict,"intentrace is strace with intent, it goes all the way for you instead of half the way. intentrace is currently in beta",2025-03-21T06:39:47Z,2024-10-29T19:55:52Z,4
Ebou,https://github.com/terhechte/Ebou,572,36,Rust,terhechte,A cross platform Mastodon Client written in Rust,2024-06-07T19:58:42Z,2023-06-16T10:46:02Z,5
typst.ts,https://github.com/Myriad-Dreamin/typst.ts,568,31,Rust,Myriad-Dreamin,Run Typst in JavaScriptWorld.,2025-03-03T08:55:41Z,2023-04-09T05:03:25Z,17
Tran,https://github.com/Borber/Tran,560,23,Rust,Borber,"ç®€æ´, å¿«é€Ÿ, åˆ’è¯ç¿»è¯‘",2024-12-30T07:12:41Z,2023-11-09T09:19:10Z,16
muvm,https://github.com/AsahiLinux/muvm,557,32,Rust,AsahiLinux,muvm - run programs from your system in a microVM,2025-03-17T12:33:06Z,2024-05-07T13:42:14Z,33
garde,https://github.com/jprochazk/garde,555,31,Rust,jprochazk,A powerful validation library for Rust,2025-01-19T17:08:22Z,2023-03-25T01:17:12Z,23
trie-hard,https://github.com/cloudflare/trie-hard,555,13,Rust,cloudflare,"Novel implementation of a Trie data structure optimized for small, sparse maps",2024-11-07T16:44:51Z,2024-09-06T10:20:11Z,3
kellnr,https://github.com/kellnr/kellnr,553,48,Rust,kellnr,The registry for Rust crates,2025-03-21T20:13:33Z,2023-09-10T11:26:34Z,11
allocscope,https://github.com/matt-kimball/allocscope,553,16,Rust,matt-kimball,allocscope  -  a memory tracking tool,2023-02-23T20:22:09Z,2023-02-02T20:52:45Z,1
r9,https://github.com/r9os/r9,551,18,Rust,r9os,The R9 operating system,2025-03-15T18:34:38Z,2023-03-22T20:17:55Z,0
g3,https://github.com/bytedance/g3,550,43,Rust,bytedance,Enterprise-oriented Generic Proxy Solutions,2025-03-21T10:53:41Z,2023-04-11T06:46:53Z,19
native_db,https://github.com/vincent-herlemont/native_db,549,28,Rust,vincent-herlemont,Drop-in embedded database in Rust,2025-03-21T11:26:53Z,2023-05-09T19:14:39Z,15
jmcomic-downloader,https://github.com/lanyeeee/jmcomic-downloader,546,33,Rust,lanyeeee,ç¦æ¼«å¤©å ‚ 18comic.vip jmcomic 18comic çš„å¤šçº¿ç¨‹ä¸‹è½½å™¨ï¼Œå¸¦å›¾å½¢ç•Œé¢ å¸¦æ”¶è—å¤¹ å…è´¹ä¸‹è½½æ”¶è´¹çš„æ¼«ç”»ï¼Œå·²æ‰“åŒ…exe ä¸‹è½½é€Ÿåº¦é£å¿«,2025-03-15T13:31:45Z,2024-09-28T11:45:44Z,2
rllama,https://github.com/Noeda/rllama,544,30,Rust,Noeda,Rust+OpenCL+AVX2 implementation of LLaMA inference code,2024-02-12T00:45:39Z,2023-03-11T08:41:15Z,10
JoJoLoader,https://github.com/Pizz33/JoJoLoader,543,80,Rust,Pizz33,åŠ©åŠ›çº¢é˜Ÿæˆå‘˜ä¸€é”®ç”Ÿæˆå…æ€æœ¨é©¬ï¼Œä½¿ç”¨rustå®ç° | Help Redteam members generate Evasive Anti-virus software Trojan,2024-08-07T06:02:48Z,2024-07-01T20:07:12Z,0
rtd,https://github.com/cuppar/rtd,542,28,Rust,cuppar,Learn Rust by 500 lines code,2023-09-05T09:49:49Z,2023-07-24T11:02:05Z,10
ruroco,https://github.com/beac0n/ruroco,540,15,Rust,beac0n,"Ruroco is a tool that lets you execute commands on a server by sending UDP packets. The commands are configured on the server side, so the client does not define what is going to be executed, it only picks from existing commands.",2025-03-16T23:04:50Z,2024-05-12T07:42:40Z,2
ai00_server,https://github.com/Ai00-X/ai00_server,540,63,Rust,Ai00-X,"The all-in-one RWKV runtime box with embed, RAG, AI agents, and more.",2025-03-10T10:51:31Z,2023-07-10T15:43:18Z,16
rust-web-app,https://github.com/rust10x/rust-web-app,539,71,Rust,rust10x,Code template for a production Web Application using Axum: The AwesomeApp Blueprint for Professional Web Development.,2025-03-12T18:51:34Z,2023-08-25T04:51:56Z,6
ad,https://github.com/sminez/ad,539,17,Rust,sminez,an adaptable text editor,2025-03-20T17:13:12Z,2023-09-27T08:18:11Z,9
slumber,https://github.com/LucasPickering/slumber,538,21,Rust,LucasPickering,Terminal-based HTTP/REST client,2025-03-20T00:45:04Z,2023-08-28T20:11:04Z,9
emacs-lsp-booster,https://github.com/blahgeek/emacs-lsp-booster,537,17,Rust,blahgeek,Emacs LSP performance booster,2025-01-07T15:49:37Z,2023-12-29T02:36:36Z,10
mmap-sync,https://github.com/cloudflare/mmap-sync,537,39,Rust,cloudflare,"Rust library for concurrent data access, using memory-mapped files, zero-copy deserialization, and wait-free synchronization.",2024-12-26T16:19:52Z,2023-06-15T15:28:49Z,4
madara,https://github.com/keep-starknet-strange/madara,537,292,Rust,keep-starknet-strange,DEPRECATED in favor of https://github.com/madara-alliance/madara,2024-08-02T18:49:05Z,2023-02-10T10:04:22Z,0
VectorChord,https://github.com/tensorchord/VectorChord,530,20,Rust,tensorchord,"Scalable, fast, and disk-friendly vector search in Postgres, the successor of pgvecto.rs.",2025-03-20T09:59:09Z,2024-09-03T07:39:46Z,17
sendme,https://github.com/n0-computer/sendme,530,46,Rust,n0-computer,"A tool to send files and directories, based on iroh",2025-03-18T01:38:59Z,2023-12-12T08:20:28Z,20
sidecar,https://github.com/codestoryai/sidecar,528,82,Rust,codestoryai,"Sidecar is the AI brains for the Aide editor and works alongside it, locally on your machine",2025-03-19T09:10:17Z,2023-09-26T18:41:14Z,129
redlotus-rs,https://github.com/memN0ps/redlotus-rs,526,66,Rust,memN0ps,Rusty Bootkit - Windows UEFI Bootkit in Rust (Codename: RedLotus),2023-09-12T07:23:15Z,2023-04-11T03:53:15Z,0
godot-rapier-physics,https://github.com/appsinacup/godot-rapier-physics,520,31,Rust,appsinacup,"Godot Rapier Physics â€“ 2D and 3D physics engine for the Godot game engine. with better stability, performance, liquids, determinism, state serialization and no ghost collisions.",2025-03-10T21:30:55Z,2023-10-26T08:39:19Z,56
rai-pal,https://github.com/Raicuparta/rai-pal,520,12,Rust,Raicuparta,Mod manager for universal game mods,2025-03-16T09:13:50Z,2023-08-23T10:45:15Z,33
pg_analytics,https://github.com/paradedb/pg_analytics,518,21,Rust,paradedb,DuckDB-powered data lake analytics from Postgres,2025-03-19T19:27:38Z,2024-05-09T19:01:45Z,0
cola,https://github.com/nomad/cola,515,12,Rust,nomad,ğŸ¥¤ A text CRDT for real-time collaborative editing,2024-11-04T05:40:39Z,2023-04-19T17:59:01Z,0
wtransport,https://github.com/BiagioFesta/wtransport,511,35,Rust,BiagioFesta,Async-friendly WebTransport implementation in Rust,2025-03-21T20:36:44Z,2023-05-11T17:14:44Z,21
dbeel,https://github.com/tontinton/dbeel,509,19,Rust,tontinton,A distributed thread-per-core document database,2023-12-15T17:34:48Z,2023-02-03T14:56:30Z,2
atomic-bomb-engine-py,https://github.com/we-lsp/atomic-bomb-engine-py,509,18,Rust,we-lsp,ä½¿ç”¨rustå¼€å‘çš„é«˜æ€§èƒ½pythonå‹æµ‹å·¥å…·,2024-08-20T04:15:34Z,2024-03-07T06:20:19Z,7
amms-rs,https://github.com/darkforestry/amms-rs,508,136,Rust,darkforestry,A Rust library to interact with automated market makers across EVM chains.,2025-03-21T14:54:50Z,2023-01-30T19:11:40Z,5
pingap,https://github.com/vicanso/pingap,506,34,Rust,vicanso,"A reverse proxy like nginx, built on pingora, simple and efficient.",2025-03-21T11:59:17Z,2024-03-07T12:10:20Z,18
bad_apple_virus,https://github.com/mon/bad_apple_virus,502,36,Rust,mon,Bad Apple using Windows windows,2024-10-12T00:05:02Z,2023-09-23T09:08:46Z,0
ClangQL,https://github.com/AmrDeveloper/ClangQL,502,13,Rust,AmrDeveloper, ClangQL is a tool that allow you to run SQL-like query on C/C++ Code instead of database files using the GitQL SDK,2025-02-25T17:56:04Z,2024-04-05T14:12:53Z,3
shadow-rs,https://github.com/joaoviictorti/shadow-rs,502,59,Rust,joaoviictorti,Windows Kernel Rootkit in Rust,2025-03-06T12:18:01Z,2024-07-26T15:27:57Z,2
lakekeeper,https://github.com/lakekeeper/lakekeeper,500,33,Rust,lakekeeper,"Lakekeeper is an Apache-Licensed, secure, fast and easy to use Apache Iceberg REST Catalog written in Rust.",2025-03-21T11:24:41Z,2024-04-05T17:42:07Z,74
hvm-64,https://github.com/HigherOrderCO/hvm-64,496,34,Rust,HigherOrderCO,,2024-06-11T12:32:15Z,2023-08-10T01:42:26Z,1
tinywasm,https://github.com/explodingcamera/tinywasm,496,21,Rust,explodingcamera,"A tiny, interpreted WebAssembly Runtime written in Rust",2025-03-11T19:11:38Z,2023-11-21T15:40:48Z,7
tenere,https://github.com/pythops/tenere,496,21,Rust,pythops,ğŸ¤– TUI interface for LLMs written in Rust,2025-01-08T08:11:57Z,2023-04-05T21:35:03Z,8
good_training_language,https://github.com/tsoding/good_training_language,496,10,Rust,tsoding,Ğ¥Ğ¾Ñ€Ğ¾ÑˆĞ¸Ğ¹ Ğ£Ñ‡ĞµĞ±Ğ½Ñ‹Ğ¹ Ğ¯Ğ·Ñ‹Ğº,2024-08-17T15:32:01Z,2024-04-02T01:10:37Z,2
iocraft,https://github.com/ccbrown/iocraft,496,9,Rust,ccbrown,"A Rust crate for beautiful, artisanally crafted CLIs, TUIs, and text-based IO.",2025-03-20T05:39:24Z,2024-09-02T03:39:17Z,7
tui-journal,https://github.com/AmmarAbouZor/tui-journal,493,14,Rust,AmmarAbouZor,Your journal app if you live in a terminal,2025-03-01T23:25:19Z,2023-03-20T18:30:48Z,5
reth-indexer,https://github.com/joshstevens19/reth-indexer,491,42,Rust,joshstevens19,"reth-indexer reads directly from the reth db and indexes the data into traditional and alternative databases / datastores (postgres, GCP bigquery, etc) all decoded with a simple config file and no extra setup alongside exposing a API ready to query the data.",2024-01-11T19:48:23Z,2023-07-04T13:54:20Z,15
plock,https://github.com/jasonjmcghee/plock,490,30,Rust,jasonjmcghee,"From anywhere you can type, query and stream the output of an LLM or any other script",2024-04-12T17:19:05Z,2024-01-21T21:45:35Z,8
matugen,https://github.com/InioX/matugen,489,19,Rust,InioX,A material you color generation tool,2025-03-12T04:58:40Z,2023-03-13T13:08:00Z,15
envelope,https://github.com/mattrighetti/envelope,489,8,Rust,mattrighetti,An environment variables cli tool backed by SQLite,2025-03-04T22:24:34Z,2023-09-21T13:41:05Z,3
egui_graphs,https://github.com/blitzarx1/egui_graphs,489,35,Rust,blitzarx1,Interactive graph visualization widget for rust powered by egui and petgraph,2025-03-18T20:02:31Z,2023-03-28T20:54:55Z,11
whirlwind,https://github.com/willothy/whirlwind,488,6,Rust,willothy,"ğŸŒ€ Ridiculously fast, fully asynchronous, sharded hashmap for Rust.",2025-01-17T06:16:12Z,2024-11-01T11:06:57Z,7
EmbedAnything,https://github.com/StarlightSearch/EmbedAnything,487,43,Rust,StarlightSearch,"Production-ready Inference, Ingestion and Indexing built in Rust ğŸ¦€",2025-03-19T13:38:21Z,2024-03-31T22:37:47Z,16
caligula,https://github.com/ifd3f/caligula,483,7,Rust,ifd3f,"A user-friendly, lightweight TUI for disk imaging",2025-01-09T23:28:28Z,2023-03-01T08:45:47Z,31
tgt,https://github.com/FedericoBruzzone/tgt,482,21,Rust,FedericoBruzzone,TUI for Telegram written in Rust ğŸ¦€,2025-03-18T09:06:37Z,2024-02-15T15:18:42Z,10
lrclib,https://github.com/tranxuanthang/lrclib,481,12,Rust,tranxuanthang,LRCLIB server written in Rust with Axum and SQLite3 database,2024-12-14T07:03:52Z,2024-04-30T14:56:26Z,29
helix-gpui,https://github.com/polachok/helix-gpui,477,5,Rust,polachok,helix gpui frontend,2024-06-10T08:45:58Z,2024-04-09T20:07:06Z,6
wmproxy,https://github.com/tickbh/wmproxy,477,73,Rust,tickbh,"ç”¨Rustå®ç°ä»¿nginxï¼ŒåŠ›äº‰å®ç°ä¸€ä¸ªå¯æ›¿ä»£æ–¹æ¡ˆï¼Œhttp/httpsä»£ç†, socks5ä»£ç†, è´Ÿè½½å‡è¡¡, åå‘ä»£ç†, é™æ€æ–‡ä»¶æœåŠ¡å™¨ï¼Œå››å±‚TCP/UDPè½¬å‘ï¼Œwebsocketè½¬å‘, å†…ç½‘ç©¿é€nat",2024-11-22T08:59:24Z,2023-08-16T10:51:20Z,8
augurs,https://github.com/grafana/augurs,475,19,Rust,grafana,"Time series analysis for Rust, with bindings to Python and Javascript",2025-03-17T16:51:52Z,2023-05-31T23:15:30Z,14
typstyle,https://github.com/Enter-tainer/typstyle,473,16,Rust,Enter-tainer,Beautiful and reliable typst code formatter,2025-03-20T16:17:29Z,2024-03-09T04:46:08Z,26
rebels-in-the-sky,https://github.com/ricott1/rebels-in-the-sky,470,13,Rust,ricott1,P2P terminal game about spacepirates playing basketball across the galaxy,2025-02-28T21:47:51Z,2024-01-28T18:35:50Z,2
nixops4,https://github.com/nixops4/nixops4,470,11,Rust,nixops4,Deploy with Nix and manage resources declaratively,2025-03-02T13:42:08Z,2024-03-18T14:07:58Z,22
paper-age,https://github.com/matiaskorhonen/paper-age,467,9,Rust,matiaskorhonen,Easy and secure paper backups of secrets,2025-03-01T02:35:18Z,2023-01-26T14:15:13Z,1
aderyn,https://github.com/Cyfrin/aderyn,467,72,Rust,Cyfrin,Aderyn ğŸ¦œ Rust-based Solidity AST analyzer.,2025-03-20T13:30:39Z,2023-08-26T14:43:32Z,18
lune,https://github.com/lune-org/lune,467,97,Rust,lune-org,A standalone Luau runtime,2024-11-05T12:10:05Z,2023-01-18T18:30:45Z,75
polars_ds_extension,https://github.com/abstractqqq/polars_ds_extension,467,33,Rust,abstractqqq,Polars extension for general data science use cases,2025-03-21T19:47:58Z,2023-10-30T19:15:53Z,8
ratzilla,https://github.com/orhun/ratzilla,464,17,Rust,orhun,Build terminal-themed web applications with Rust and WebAssembly. Powered by Ratatui.,2025-03-19T22:49:20Z,2025-01-01T23:56:29Z,16
tlrc,https://github.com/tldr-pages/tlrc,463,14,Rust,tldr-pages,A tldr client written in Rust,2025-03-17T16:42:47Z,2023-04-14T23:19:32Z,1
migrate-to-uv,https://github.com/mkniewallner/migrate-to-uv,461,5,Rust,mkniewallner,Migrate a project from Poetry/Pipenv/pip-tools/pip to uv package manager,2025-03-21T19:30:15Z,2024-12-26T17:30:43Z,10
ore-miner,https://github.com/tonyke-bot/ore-miner,459,209,Rust,tonyke-bot,ORE Miner built on top of Jito bundle with both CPU and GPU support.,2024-04-16T02:16:07Z,2024-04-13T08:25:19Z,18
flamelens,https://github.com/YS-L/flamelens,458,4,Rust,YS-L,Flamegraph viewer in the terminal,2025-03-09T17:18:29Z,2024-06-01T12:15:52Z,3
handwriter.ttf,https://github.com/hsfzxjy/handwriter.ttf,458,12,Rust,hsfzxjy,Handwriting synthesis with Harfbuzz WASM.,2024-08-22T04:24:45Z,2024-08-21T05:48:34Z,1
fastembed-rs,https://github.com/Anush008/fastembed-rs,457,63,Rust,Anush008,"Rust library for generating vector embeddings, reranking locally",2025-03-11T09:46:54Z,2023-10-01T16:13:02Z,3
pg_gpt,https://github.com/cloudquery/pg_gpt,457,19,Rust,cloudquery,Experimental extension that brings OpenAI API to your PostgreSQL to run queries in human language.,2023-06-04T10:19:08Z,2023-03-26T11:12:31Z,1
dojo,https://github.com/dojoengine/dojo,454,194,Rust,dojoengine,Dojo is a toolchain for building provable games and applications,2025-03-21T18:10:11Z,2023-01-11T14:55:16Z,37
talc,https://github.com/SFBdragon/talc,453,9,Rust,SFBdragon,A fast and flexible allocator for no_std and WebAssembly,2024-11-22T10:47:11Z,2023-05-28T11:47:47Z,2
rauthy,https://github.com/sebadob/rauthy,453,29,Rust,sebadob,OpenID Connect Single Sign-On Identity & Access Management,2025-03-21T12:45:56Z,2023-07-01T05:53:39Z,10
borrow,https://github.com/wdanilo/borrow,453,7,Rust,wdanilo,,2025-03-19T15:22:14Z,2024-11-08T22:28:22Z,2
zbus,https://github.com/dbus2/zbus,453,100,Rust,dbus2,Rust D-Bus crate.,2025-03-19T19:29:50Z,2023-05-11T07:39:49Z,95
flawz,https://github.com/orhun/flawz,452,15,Rust,orhun,A Terminal UI for browsing security vulnerabilities (CVEs),2025-03-01T07:36:04Z,2024-05-15T17:09:59Z,5
silverwind,https://github.com/lsk569937453/silverwind,450,26,Rust,lsk569937453,The High Performance Proxy/Load Balancer,2025-03-04T08:50:23Z,2023-03-17T11:47:26Z,7
nerdfix,https://github.com/loichyan/nerdfix,450,6,Rust,loichyan,ğŸ”£ nerdfix helps you to find/fix obsolete Nerd Font icons in your project,2024-11-23T13:42:18Z,2023-03-16T07:35:05Z,1
snapchange,https://github.com/awslabs/snapchange,450,29,Rust,awslabs,Lightweight fuzzing of a memory snapshot using KVM,2024-04-11T13:05:34Z,2023-05-04T21:13:40Z,2
ghostwriter,https://github.com/awwaiid/ghostwriter,450,17,Rust,awwaiid,"Use the reMarkable2 as an interface to vision-LLMs (ChatGPT, Claude, Gemini). Ghost in the machine!",2025-03-17T12:26:34Z,2024-10-06T12:35:07Z,3
plprql,https://github.com/kaspermarstal/plprql,449,4,Rust,kaspermarstal,Use PRQL in PostgreSQL,2025-03-21T19:50:39Z,2023-09-15T23:13:05Z,1
tex-fmt,https://github.com/WGUNDERWOOD/tex-fmt,448,27,Rust,WGUNDERWOOD,An extremely fast LaTeX formatter written in Rust,2025-02-10T15:56:56Z,2024-04-25T00:06:15Z,25
perpetual,https://github.com/perpetual-ml/perpetual,447,22,Rust,perpetual-ml,A self-generalizing gradient boosting machine that doesn't need hyperparameter optimization,2025-03-17T14:00:49Z,2024-05-20T14:14:55Z,7
gauntlet,https://github.com/project-gauntlet/gauntlet,447,17,Rust,project-gauntlet,Raycast-inspired open-source cross-platform application launcher with React-based plugins,2025-03-20T17:17:31Z,2024-01-22T20:45:54Z,18
ducker,https://github.com/robertpsoane/ducker,446,13,Rust,robertpsoane,A slightly quackers Docker TUI based on k9s ğŸ¦†,2025-03-17T12:13:29Z,2024-06-15T06:32:11Z,3
Kokoros,https://github.com/lucasjinreal/Kokoros,445,40,Rust,lucasjinreal,"ğŸ”¥ğŸ”¥ Kokoro in Rust. https://huggingface.co/hexgrad/Kokoro-82M Insanely fast, realtime TTS with high quality you ever have.",2025-03-21T03:43:50Z,2025-01-12T10:32:49Z,22
elodin,https://github.com/elodin-sys/elodin,445,15,Rust,elodin-sys,Flight software development framework for space and aerospace,2025-03-21T20:36:02Z,2024-02-26T21:07:50Z,2
pg_parquet,https://github.com/CrunchyData/pg_parquet,443,18,Rust,CrunchyData,Copy to/from Parquet in S3 or Azure Blob Storage from within PostgreSQL,2025-03-19T02:49:46Z,2024-09-04T21:11:44Z,14
powdr,https://github.com/powdr-labs/powdr,443,102,Rust,powdr-labs,"A modular stack for zkVMs, with a focus on productivity, security and performance.",2025-03-21T20:39:07Z,2023-01-06T08:56:44Z,208
Ethertum,https://github.com/Dreamtowards/Ethertum,441,28,Rust,Dreamtowards,A Voxel Multiplayer Sandbox Survival Game built in Rust & Bevy.,2024-08-02T05:00:07Z,2023-11-29T12:49:29Z,3
pgdog,https://github.com/pgdogdev/pgdog,440,6,Rust,pgdogdev,Horizontal scaling for PostgreSQL with automatic sharding.,2025-03-21T20:44:04Z,2024-12-27T21:10:04Z,7
crabml,https://github.com/crabml/crabml,440,39,Rust,crabml,a fast cross platform AI inference engine ğŸ¤– using Rust ğŸ¦€ and WebGPU ğŸ®,2025-01-04T15:55:10Z,2023-09-10T14:04:10Z,27
managarr,https://github.com/Dark-Alex-17/managarr,440,6,Rust,Dark-Alex-17,A TUI and CLI for managing *arr servers. Built with ğŸ¤ in Rust,2025-03-21T17:56:16Z,2023-01-14T21:18:13Z,4
cosmic-term,https://github.com/pop-os/cosmic-term,439,86,Rust,pop-os,WIP COSMIC terminal emulator,2025-03-19T17:44:49Z,2023-12-17T17:24:30Z,139
servicer,https://github.com/servicer-labs/servicer,439,10,Rust,servicer-labs,A CLI to simplify service management on systemd,2024-01-23T20:19:21Z,2023-08-06T11:34:29Z,12
galileo,https://github.com/Maximkaaa/galileo,437,38,Rust,Maximkaaa,General purpose cross-platform GIS-rendering library written in Rust,2025-03-20T09:55:53Z,2023-12-07T23:29:27Z,35
AutoKuma,https://github.com/BigBoot/AutoKuma,437,17,Rust,BigBoot,"AutoKuma is a utility that automates the creation of Uptime Kuma monitors based on Docker container labels. With AutoKuma, you can eliminate the need for manual monitor creation in the Uptime Kuma UI.",2025-01-23T06:27:31Z,2024-01-05T18:40:50Z,28
smartcat,https://github.com/efugier/smartcat,437,20,Rust,efugier,Putting a brain behind `cat`ğŸˆâ€â¬› Integrating language models in the Unix commands ecosystem through text streams.,2025-02-23T23:54:22Z,2023-11-06T16:28:08Z,6
sbtc,https://github.com/stacks-network/sbtc,437,22,Rust,stacks-network,Repo containing sbtc ,2025-03-21T16:14:16Z,2024-03-25T15:22:49Z,139
kartoffels,https://github.com/Patryk27/kartoffels,436,8,Rust,Patryk27,a game where you're given a potato and your job is to implement a firmware for it,2025-03-17T18:56:30Z,2024-06-02T14:17:55Z,9
superman,https://github.com/b1-team/superman,436,63,Rust,b1-team,ğŸ¤– Kill The Protected Process ğŸ¤–,2024-05-29T01:17:59Z,2023-06-01T05:51:02Z,1
space_editor,https://github.com/rewin123/space_editor,436,51,Rust,rewin123,bevy prefab editor,2025-02-09T06:40:01Z,2023-08-02T22:59:42Z,42
xcrypto,https://github.com/Bohr1005/xcrypto,435,114,Rust,Bohr1005,"quant,trading system,crypto,async",2025-01-18T11:03:23Z,2024-06-08T14:43:07Z,8
aidoku-zh-sources,https://github.com/suiyuran/aidoku-zh-sources,435,19,Rust,suiyuran,Aidoku ä¸­æ–‡å›¾æº,2025-03-21T01:45:26Z,2023-04-11T05:55:10Z,8
hoodik,https://github.com/hudikhq/hoodik,435,18,Rust,hudikhq,"Self hosted, easy to install end to end encrypted storage drive",2024-10-11T08:23:28Z,2023-01-07T10:20:33Z,18
zlib-rs,https://github.com/trifectatechfoundation/zlib-rs,434,19,Rust,trifectatechfoundation,A safer zlib,2025-03-19T15:19:28Z,2023-12-05T05:04:21Z,13
bitcode,https://github.com/SoftbearStudios/bitcode,432,28,Rust,SoftbearStudios,A binary encoder/decoder for Rust,2025-03-17T20:38:39Z,2023-04-16T02:04:20Z,21
proxelar,https://github.com/emanuele-em/proxelar,430,28,Rust,emanuele-em,"A MITM Proxy ğŸ§‘â€ğŸ’»! Toolkit for HTTP/1, HTTP/2, and WebSockets with SSL/TLS Capabilities. Learning Project.",2025-02-03T18:47:22Z,2023-01-19T18:52:31Z,8
ttysvr,https://github.com/cxreiff/ttysvr,430,7,Rust,cxreiff,Screensavers for your terminal.,2025-01-01T23:55:22Z,2024-08-03T08:06:13Z,3
sabledb,https://github.com/sabledb-io/sabledb,429,11,Rust,sabledb-io,"Ultra fast, persistent database supporting Valkey API",2025-02-04T21:13:39Z,2024-03-30T20:57:27Z,7
bevy_replicon,https://github.com/projectharmonia/bevy_replicon,426,32,Rust,projectharmonia,Server-authoritative networking crate for the Bevy game engine.,2025-03-21T00:38:45Z,2023-03-24T22:16:58Z,15
kty,https://github.com/grampelberg/kty,426,6,Rust,grampelberg,The terminal for Kubernetes,2024-10-03T23:42:54Z,2024-07-17T15:11:44Z,1
projectable,https://github.com/dzfrias/projectable,424,14,Rust,dzfrias,:dizzy: A TUI file manager built for projects,2025-01-13T04:10:28Z,2023-03-13T15:00:05Z,9
sage,https://github.com/farshed/sage,423,28,Rust,farshed,Self-hosted voice chat with LLMs,2025-02-28T13:34:16Z,2025-01-29T18:04:31Z,3
carton,https://github.com/VivekPanyam/carton,422,11,Rust,VivekPanyam,Run any ML model from any programming language.,2024-01-15T15:14:56Z,2023-01-12T05:47:11Z,23
purrcrypt,https://github.com/vxfemboy/purrcrypt,422,12,Rust,vxfemboy,"A fur-ociously secure encryption tool that encodes your secrets as adorable cat and dog sounds, using real elliptic curve cryptography with a playful disguise.",2025-03-11T19:08:14Z,2024-12-17T00:22:51Z,2
qq-tim-elevation,https://github.com/vi3t1/qq-tim-elevation,420,75,Rust,vi3t1,CVE-2023-34312,2023-05-27T12:45:10Z,2023-05-27T12:44:42Z,0
rust-snake-ai-ratatui,https://github.com/bones-ai/rust-snake-ai-ratatui,419,47,Rust,bones-ai,"Neural network learns to play snake in a terminal, built in Rust with Ratatui",2024-08-03T18:31:19Z,2024-06-30T11:16:57Z,0
rusty_llama,https://github.com/MoonKraken/rusty_llama,418,76,Rust,MoonKraken,A simple ChatGPT clone in Rust on both the frontend and backend. Uses open source language models and TailwindCSS.,2024-02-29T18:25:04Z,2023-06-26T23:12:41Z,7
BitVM,https://github.com/BitVM/BitVM,416,136,Rust,BitVM,A Trust-minimized Bitcoin Bridge,2025-03-17T02:34:41Z,2023-10-24T22:35:38Z,15
thaw,https://github.com/thaw-ui/thaw,416,52,Rust,thaw-ui,An easy to use leptos component library,2025-03-12T02:13:49Z,2023-03-28T04:18:39Z,18
njord,https://github.com/njord-rs/njord,416,20,Rust,njord-rs,"A versatile, feature-rich Rust ORM â›µ",2025-03-17T02:04:05Z,2023-04-08T08:59:49Z,14
swiftide,https://github.com/bosun-ai/swiftide,415,30,Rust,bosun-ai,"Fast, streaming indexing, query, and agentic LLM applications in Rust",2025-03-20T06:43:46Z,2024-06-09T20:07:06Z,12
hysp,https://github.com/pwnwriter/hysp,413,6,Rust,pwnwriter,ğŸ“¦ An independent package manager that every hacker deserves. ,2024-05-26T08:59:17Z,2023-11-17T12:24:43Z,2
proxyfor,https://github.com/sigoden/proxyfor,413,28,Rust,sigoden,"A powerful and flexible proxy CLI for capturing and inspecting HTTP(S) and WS(S) traffic, with TUI and WebUI.",2025-01-19T08:20:48Z,2024-03-05T01:56:58Z,0
create-o7-app,https://github.com/ottomated/create-o7-app,413,10,Rust,ottomated,An opinionated CLI for creating type-safe Svelte apps.,2025-03-21T07:22:18Z,2023-02-25T19:37:41Z,2
vless,https://github.com/NiREvil/vless,411,160,Rust,NiREvil,v2ray subscription links,2025-03-21T20:29:49Z,2023-06-20T18:56:39Z,0
zeth,https://github.com/risc0/zeth,411,87,Rust,risc0,"A ""Type 0"" zkEVM. Prove validity of Ethereum blocks using RISC Zero's zkVM",2025-03-21T12:08:31Z,2023-08-01T21:27:05Z,3
haylxon,https://github.com/pwnwriter/haylxon,408,19,Rust,pwnwriter,âš¡ Blazing-fast tool to grab screenshots of your domain list right from terminal. ,2025-03-19T03:45:15Z,2023-03-19T04:47:43Z,2
ghostport,https://github.com/vxfemboy/ghostport,406,24,Rust,vxfemboy," A high-performance port spoofing tool built in Rust. Confuse port scanners with dynamic service emulation across all ports. Features customizable signatures, efficient async handling, and easy traffic redirection.",2024-10-27T00:08:38Z,2024-05-16T05:39:17Z,0
coffee_break,https://github.com/radekvit/coffee_break,406,4,Rust,radekvit,Take a break while compiling.,2024-04-13T01:59:44Z,2024-03-22T21:28:22Z,0
fastrace,https://github.com/fast/fastrace,403,21,Rust,fast,A tracing library 10~100x faster than others.,2025-03-14T17:49:56Z,2024-07-16T09:42:30Z,7
shiroa,https://github.com/Myriad-Dreamin/shiroa,403,19,Rust,Myriad-Dreamin,shiroa is a simple tool for creating modern online books in pure typst.,2025-03-21T11:15:18Z,2023-05-06T10:19:14Z,10
offset-allocator,https://github.com/pcwalton/offset-allocator,402,9,Rust,pcwalton,A port of Sebastian Aaltonen's `OffsetAllocator` to Rust,2024-07-09T06:04:18Z,2024-04-30T07:26:17Z,2
cel-rust,https://github.com/clarkmcc/cel-rust,402,26,Rust,clarkmcc,Common Expression Language interpreter written in Rust,2025-03-12T17:55:10Z,2023-04-27T03:10:23Z,12
vocechat-server-rust,https://github.com/Privoce/vocechat-server-rust,401,88,Rust,Privoce,VoceChat is a superlight rust written social server. Easy integration to your site/app.,2023-03-03T17:08:59Z,2023-02-13T14:37:43Z,12
wprs,https://github.com/wayland-transpositor/wprs,400,10,Rust,wayland-transpositor,,2025-03-19T21:18:26Z,2024-02-10T06:12:24Z,10
